Date,Z_Score_BIAS,K,D,KD_Passivation_Days,Feature_Range,Feature_Slope,Feature_STD,Feature_SUM_ABS_X,Chip_Concentration_15,Foreign_Net_Ratio,Retail_Margin_Panic,Big_Player_Force,foreign_net_buy,invest_net_buy,dealer_net_buy,margin_balance_chg,major_chip_ratio,atr_14,Target_Label
2023-05-11,-0.2662517986474553,74.48470784627058,66.33377880560218,0,15.620939378369258,3.47137451171875,2.8221291413346417,20.394042968750114,-2.4575703549130258e-05,0.0006596196269657138,-0.017522996747228146,0.0005334810552689389,1328.6942416643542,-170.35863958397871,-83.72657409627284,6222.0,-2.8158062068806228e-05,9.231131543416753,0
2023-05-12,-0.4386105490164876,71.87867702437224,68.18207821185887,0,15.620939378369258,3.905212402343807,2.6143259049560315,17.35665893554699,7.046204404481928e-05,-0.00032304275638288704,0.7820450637153313,-0.0001386193513906174,-668.8083402497464,299.95614028072134,81.86301201097419,-6343.0,7.242115173935959e-05,9.191648153113631,0
2023-05-15,-0.4096321948204328,64.58582539966467,66.9833272744608,0,14.31924044253168,-0.43389892578125,2.6286902718006906,15.620971679687614,-0.0007379055907768011,-0.0009240769406454097,-0.7425594744351173,-0.0012251275725972772,-1119.2835739720492,-253.0190685911301,-111.62700410740992,7581.0,-0.0004317090223347114,8.938023710801685,0
2023-05-16,0.07617630169637948,70.83508011046476,68.26724488646212,0,11.715758408889315,0.867828369140625,2.415955228172952,16.922760009765682,-6.100631166337399e-06,0.0002877960445107958,-0.27298226565327544,0.00043214282249677983,464.0086700319994,293.54969713024,-60.82184087866364,1779.0,-8.120523856656549e-06,8.764504038915684,0
2023-05-17,0.18909233064851824,73.71911224696163,70.08453400662862,0,13.451418051852784,4.773101806640625,2.596262768823132,13.885345458984375,0.00014909883590231434,-5.418528978826713e-05,-0.27417719437669563,-7.168563124412892e-05,-101.23253461156668,-123.68820585042975,90.99291292005267,-6025.0,0.00017277133465767064,8.479401906272923,0
2023-05-18,0.18354798128250144,73.3127418804862,71.16060329791448,0,13.885337235470104,4.7730712890625,2.6500935875951046,10.847900390625,0.00044523054334864127,-0.00021904162201436713,0.6068992784422259,-0.00019768224322852315,-412.73969027842793,-87.04123957188114,127.28867429928935,-1894.0,0.00044905116421899133,8.307646180676947,0
2023-05-19,0.40258318810826466,77.20850821212034,73.17657160264976,0,12.583556421518722,1.73565673828125,2.6500865919837038,9.546112060546875,-0.00010847005028793344,0.0004260234344358429,1.1267675852066714,0.0004752587870127744,625.013868379612,19.688908998004056,52.54368594338104,-368.0,-8.445326011959027e-05,7.993188784617784,0
2023-05-22,0.3572261565751423,77.94291847471595,74.76535389333849,0,7.376555788433279,0.867828369140625,0.8997858116372438,9.11224365234375,-0.0002627263217380738,0.0002990236307326271,0.4664571877454831,0.00021323382126876768,346.2804282627193,-90.73090991330228,-8.616863668797066,-707.0,-0.00020738142595849314,7.639204643736251,0
2023-05-23,0.19439487626286367,72.79534693733127,74.10868490800274,0,6.074821747929263,-0.43389892578125,1.106268447203311,6.074798583984375,-9.917077863907561e-05,-9.099979455911821e-05,-0.4846315974356723,-6.148139573447171e-05,-138.447178442037,236.39595099191504,-191.48662950169904,4754.0,-0.0001302881702331344,7.372493080347142,0
2023-05-24,0.05637268618735545,67.28023848739994,71.83253610113513,0,11.28182194661963,-3.471343994140625,1.471481341452381,6.508758544921875,0.00040123359769306374,-0.00040877448743533053,-0.7275992815805229,-0.00011253221932847099,-568.1826392025366,412.6687903965551,-0.9021099651359776,3245.0,0.0003665707192587865,7.2798042024882434,1
2023-05-25,-0.11709289751407304,58.646617546344515,67.43722991620493,0,9.980081443027302,-4.339141845703125,2.0213195715851224,6.942657470703125,0.0001485671580194022,0.00040656003587974995,0.05880358111774281,0.0004019868891071278,723.4743969680868,-81.48643151062757,73.34850768245278,-8577.0,0.0001902028933296514,7.162740051093111,1
2023-05-26,0.4846779891289748,70.05012741159155,68.30819574800046,0,12.149650675680789,5.20697021484375,2.894575503784799,12.149627685546875,-6.496058630104665e-05,0.00023249977809685322,0.40639199075856763,0.0002135395256827029,590.1207067751966,-36.44756783292536,-11.676510593564718,1814.0,-9.265519335382561e-05,7.240000623657807,0
2023-05-29,1.1009635044246104,73.3667538559032,69.99438178396804,0,23.865379044253984,13.885314941406193,6.242958124956417,19.526184082031193,0.00010385972067017203,4.0915137719755024e-05,1.2376937720968182,5.113064939858173e-05,140.49448173237025,17.33583854322032,17.742205890558182,-822.0,0.00014050898233074644,7.621683439045655,0
2023-05-30,0.29327324419731066,63.456591009307665,67.81511819241459,0,23.865379044253984,6.508697509765625,6.012512233378747,26.034973144531136,5.2537193404897385e-05,0.00046262475126634625,-0.32075196735645584,0.0005190917730318409,1307.9821976285996,158.21135269852755,1.4382532082079216,1209.0,4.325781587698423e-05,7.821135187941709,0
2023-05-31,0.5859691019979255,61.698365784903864,65.77620072324434,0,20.394032288107155,2.603515625,5.5228463029005415,28.638488769531136,0.0002057885876664883,-0.0001556829025941083,-0.8378321604873438,-0.0001531709477599583,-442.0508597956915,19.303144208828705,-12.170621782143373,7590.0,0.0002066710460754508,7.820377898381652,0
2023-06-01,0.4578319917511023,58.708020038957734,63.420140495148814,0,19.52621340320377,-6.508728027343693,3.416663084672896,28.63851928710926,-0.00020569084488918546,-0.0005861283183027001,-0.663876772082879,-0.00029520961560228914,-715.3151025548433,327.45148221051915,27.58773899598127,-682.0,-8.84073418014652e-05,7.633707347469468,0
2023-06-02,0.9502101632170119,64.59323275145682,63.81117124725148,0,15.187082122834397,7.810516357421875,3.712460035667264,26.90286254882801,-2.836097106318045e-05,-9.559163462226143e-05,-0.12621764905591393,2.528606340007481e-05,-215.14484192874664,279.3247833123855,-7.269458215246058,-5297.0,-5.230310322612382e-05,7.522357929704937,0
2023-06-05,0.8681808728671297,67.91062848613646,65.17765699354646,0,11.715745048883548,3.905212402343693,3.369494544388041,19.52630615234375,-5.7407546136901356e-05,0.00010318479734992272,0.2144895903290799,8.957998634402397e-05,172.6483901867013,-187.09247071902,164.32895536319424,3424.0,-4.26780679879106e-05,7.325980509913202,0
2023-06-06,1.2386926429493572,76.47940323168424,68.9449057395924,0,13.01744218539551,9.98004150390625,3.9459991734453053,15.621032714843864,-0.000326325391800747,0.00017872330392537043,0.7361212754835337,0.00015473111615662581,346.0036695936151,154.1936331149657,-200.64188483837327,-5168.0,-0.00037757529546213317,7.236611812589706,0
2023-06-07,1.8961556811959321,83.78196778302717,73.890593087404,0,19.960120171276287,12.58355712890625,6.812614210652994,20.39407348632824,8.200232146911476e-05,1.8266998724049768e-05,0.028389502568071483,0.00012388008155632917,55.258365286202064,354.06784746190056,-34.58425859710776,1475.0,0.00012813195762561273,7.339591763188102,0
2023-06-08,1.2154568685405085,80.21359518897228,75.99826045459342,0,17.356631372299603,7.376556396484432,5.37950642494319,24.73324584960949,8.564359523631443e-05,0.00015277774748629144,0.07718399307184354,0.000109689207267011,411.2332379085781,-48.95618915337669,-67.02562235172253,2980.0,7.620652569982416e-05,7.497202905426404,1
2023-06-09,1.7043972913693584,85.05467821036541,79.01706637318408,0,17.79054042005305,9.546142578125,5.9130494348366645,26.03500366210949,3.887242430560342e-05,-0.00020881845987903773,-0.25858146206350774,-0.00019628834164156964,-550.9236545142664,-8.852974358711322,41.911060003441,-1841.0,3.8100971658240336e-05,7.550574477091739,0
2023-06-12,1.5748012765375863,83.68724300962876,80.57379191866563,0,19.526233996832445,2.169586181640625,4.596239287005297,26.468933105468807,-8.74880756318481e-06,0.0005394198255172472,-0.4380209506645641,0.0005253088094117943,1066.2587624439557,-55.60739957059107,27.71447858831264,4046.0,-6.554839190374621e-06,7.693115487385886,0
2023-06-13,2.1390617934666074,88.21158609414788,83.11972331049304,0,21.261887593832967,16.9227294921875,6.101112865776613,30.808074951171875,-0.00024258238539840322,6.0161757271442814e-05,0.2114306384517996,0.00011237758017534872,150.7092929644587,-51.41512310470114,182.2193101549429,-4543.0,-0.00030742775426901165,7.856467579731212,0
2023-06-14,1.4033268186378043,82.61725532166467,82.95223398088359,0,22.563675871812734,3.47137451171875,6.118066756827871,29.072357177734375,-6.563758088195665e-05,0.0005178398777671603,-0.2442266157168965,0.00047703983162655924,870.3774989528765,-283.6903103822096,215.11420482977945,3437.0,-4.403978709666944e-05,8.039147104024718,0
2023-06-15,1.2669347604770038,78.31050663710259,81.40499153295659,0,17.790597509750114,2.603515625,3.9100588268092435,23.431427001953125,-3.2629246578111664e-05,0.00018548318053483772,0.5355045033285473,6.0662675333639206e-05,405.6352078266225,-215.66299029301013,-57.30834555704811,-4364.0,-4.2454721016301755e-05,7.898838182540106,0
2023-06-16,0.7083620326791378,67.46121718237623,76.75706674942981,0,15.621011966398498,-11.715728759765625,4.356479340239411,21.69580078125,-0.00010144180968737949,0.0001596895259836826,-0.28670090313440766,0.0001885062013528598,474.0519314922704,65.49474374744598,20.050006503362955,4165.0,-0.00013770045265253567,7.892527224815255,0
2023-06-19,0.5324713773234305,56.512599875451414,70.00891112477035,0,18.224503651461987,-6.074859619140625,5.045383090884525,21.695770263671875,2.201992570249538e-05,0.0006163990382371933,-0.16887168203214217,0.001062721005014724,541.8603681393224,352.7195949305557,39.63044169243554,2220.0,6.520663604712489e-06,7.731697117583579,0
2023-06-20,-0.13384948375260589,38.95712918386409,59.65831714446826,0,21.69583452304397,-13.01751708984375,5.370768091801385,19.526214599609375,0.0001266072648037414,0.00019644487221304657,0.05540111199364575,0.00014092113646569057,468.625136010389,-72.67216250365658,-59.7813748337336,-7036.0,0.00034357224580327617,7.768318792711236,0
2023-06-21,-0.26574050120811615,30.41586261712711,49.91083230202122,0,22.129716430841256,-8.678283691406307,5.802159155030088,13.885314941406307,0.00043576867908904683,0.0002446577790814273,-0.05980149573243627,0.00024644863419145664,585.6336559205263,-78.55146058971161,82.83820360376228,5533.0,0.0004372583663191262,7.70934272197113,0
2023-06-26,-0.5750047523911652,24.257335204688093,41.35966660291018,0,21.261876800858715,-10.847900390625,5.130489446598014,16.922760009765625,0.00013249467401827127,0.0007056601271963789,0.420949180483784,0.0009789799889973467,997.4915180794588,390.3042140841469,-3.95073687649446,-2923.0,7.82429210259159e-05,7.623587643134513,0
2023-06-27,-0.5547042933571051,20.649177567037142,34.45617025761917,0,16.488806064974824,-3.471313476562557,4.3564785803098065,12.149658203124943,0.00013499490785149078,0.00018759287176800668,0.13361812040532486,3.510821970772731e-05,317.9127018208821,-171.65149236319738,-86.76348506009778,-3955.0,0.0001618435149893971,7.6059434698401445,0
2023-06-28,-0.6270896001014407,17.248719524302373,28.720353346513573,0,15.620970039191832,-3.471343994140568,1.9502108729674423,12.149658203124886,4.533296320759647e-05,0.0004516195163002771,0.15032861564140906,0.00024205447258784035,625.4022545531075,-282.2486325412844,-7.95683042665431,5437.0,3.7043268621738064e-05,7.620553588432465,0
2023-06-29,-0.23908092262491243,22.418704456865818,26.61980371663099,0,9.980098519433398,4.773101806640625,2.2463366064743973,10.414001464843636,-0.0006667817100199872,0.00011340179463622312,-0.040953524266849596,-3.826025643974258e-05,146.15858342766398,-115.70308722749996,-79.76745727406488,-1084.0,-0.0006205850868245288,7.572132914176573,0
2023-06-30,-0.67093996777728,22.970493752976644,25.403367062079543,0,12.149670866654901,-0.43392944335931816,2.1565310952567884,14.319305419921704,3.409836219460521e-05,0.00041828192983064374,-0.4644886363636364,0.0004344412419371997,1064.0703292696835,-82.55689575887322,123.66468294192556,988.0,6.730236913618866e-05,7.837109940819132,0
2023-07-03,-0.36990459723180913,32.36792252561857,27.724885549925887,0,12.149670866654901,4.339141845703125,2.415944265919372,15.187103271484261,0.00011358506976728084,-0.00017968571860672514,0.19407407407407407,-0.00025767118509616323,-205.83538123556184,-299.4906169390131,210.15592551136703,-2000.0,5.114774438315285e-05,7.711232231983814,0
2023-07-04,-0.288641358687559,41.90383806103774,32.45120305362984,0,13.01748553899347,0.43389892578125,2.699364057432771,16.054931640624943,0.0009001642363040063,0.0008656502865503349,0.06769764872968281,0.000912208237684636,1280.5642597464894,24.391658745077745,44.48193738945395,297.0,0.0011624497448714946,7.594345762296344,0
2023-07-05,-0.7441732234516186,42.38032430499513,35.760910137418264,0,13.01748553899347,0.0,2.578066913624552,20.39410400390625,1.7207863497551324e-06,7.924961969575806e-05,0.6261158159761959,0.00020125929551076125,175.90522961339394,239.68926997230707,31.12767680532756,-3768.0,2.581960637999724e-06,7.64077824756164,0
2023-07-06,-0.9016851159822056,37.14249092534494,36.221437066727155,0,13.01748553899347,-6.074798583984375,3.059026289931005,17.356658935546875,8.208757095994808e-05,-0.00021554016093564414,-0.020459195271652648,-0.0002718249803929473,-658.4650612708289,-207.19095474296523,35.24347668741858,3651.0,0.00011297968862754743,7.683894168031822,0
2023-07-07,-0.9641106601725594,29.206101118996422,33.88299175081691,0,13.017486087400016,-9.11224365234375,3.8883305680401463,14.319244384765625,4.209764350887493e-05,0.00014102958299555538,-0.4212857422002214,0.0002458298948839051,276.86264894647354,67.51564379071782,138.22340289383152,4429.0,2.7052499710266687e-05,7.47597844161489,0
2023-07-10,-1.1727329292478985,21.322586180948633,29.696189894194156,0,15.620967962406212,-7.376556396484375,4.68749558793234,13.88531494140625,-0.0002611950903861558,-0.00011251084332573225,0.01630648330058939,3.053737841231441e-05,-208.6309944849285,129.18713512535464,136.0699003597183,-8246.0,-0.0002467148606398819,7.251918920576472,1
2023-07-11,-0.2754553542463128,37.36322539103113,32.251868393139816,0,14.753125348059825,4.7730712890625,3.7952156785472853,22.563629150390625,0.0004823617703953232,0.0005060517839633849,0.03236910041702522,0.0005360518113285937,704.3861293932345,33.32314494514138,8.434643145176912,3491.0,0.00036207977551732485,7.508774977106748,1
2023-07-12,0.057407182630120415,55.46436509189458,39.98936729272474,0,15.620964653820124,9.980072021484375,5.326748425624832,20.82794189453125,0.0002943244662943162,-0.00011846427730619414,0.5138005892386417,-3.659333610898784e-05,-191.57438758143456,87.13851794821187,45.258992737909125,337.0,0.00034194839258105654,7.561319674454265,1
2023-07-13,0.4940864199305841,62.57148408586642,47.516739557105296,0,24.29929553036868,17.790557861328125,7.238729977857833,22.99755859375,0.00022000071637628252,-3.006212208330537e-05,-0.36183268562078136,4.751508579435331e-05,-67.71005992886785,89.46545251904217,85.26464071770783,-290.0,0.0003064133073214178,7.734088152122338,0
2023-07-14,1.1012380133622146,68.7413545419551,54.591611218721894,0,32.109798591255014,15.18707275390625,9.339788772816853,28.638458251953125,-0.00011185928987722365,-0.0002944674364712891,0.5167039641943734,-0.0003595325150166195,-933.7244385673188,-112.5455913836864,-93.7687456550734,-4357.0,-0.0001574780194612751,8.142468216928767,0
2023-07-17,1.10041425843626,73.30503403361178,60.82941882368519,0,28.204548423383812,12.149658203125,6.953500053517749,25.601043701171875,0.00043324947747573145,-3.85913403585409e-05,0.14569453174104338,0.00022683969312105797,-71.38379154944602,349.71651440237366,141.26082374204566,3488.0,0.0002527355568931549,8.087761158248417,0
2023-07-18,1.6259086236396705,81.78668946687421,67.81517570474819,0,27.336713145186195,15.6209716796875,7.715903363119999,23.43145751953125,-0.00016221322193387533,-0.0003385919054418277,0.38734859954579864,-0.00020550266282365562,-1254.327595977374,299.5513668152431,193.4831891227228,-1860.0,-0.00032487097153114844,8.098949767469811,0
2023-07-19,1.3477441199073943,83.88953630278051,73.1732959040923,0,20.82792392644842,6.07476806640625,6.09492705626063,22.1297607421875,0.00010194501507172173,-0.00019442817740551244,-0.05065351876831481,-8.443570225386166e-05,-750.341694091434,287.9822794482335,136.50321048394574,-1265.0,0.0001062016986450238,8.04735111552796,0
2023-07-20,0.9267470129335802,81.72003045588691,76.02220742135717,0,15.620933172571426,1.73565673828125,3.622602617267514,21.69580078125,0.0005120733358774983,0.00028115770510051154,-0.21431347989461408,0.00034464087821356703,656.2487936865784,252.73514810877268,-104.5593911614555,4779.0,0.0003097068536606953,7.9064540069754985,0
2023-07-21,1.174092399783775,83.36890471205076,78.47110651825503,0,18.224463699524733,-2.16961669921875,3.1974551784325915,18.22442626953125,-0.00010164100902585824,0.00017266737086283512,-0.4798084249482965,5.9010573975184804e-05,671.4800951904992,-264.9958938866048,-177.0000455418874,894.0,-0.00016934536193485876,8.333514840464984,0
2023-07-24,0.41653984235747366,75.47977205469431,77.47399503040145,0,18.224463699524733,-7.376556396484375,3.800172417869151,25.167083740234375,-5.267546872581695e-05,0.00013094156857128197,-0.11483704375741503,0.00022472672866922656,455.27453707097885,235.2124755623932,90.87186735179316,-4576.0,-4.7095711679728145e-05,8.48211857460977,0
2023-07-25,0.1041725052496999,61.430979206204604,72.12632308900251,0,18.224463699524733,-5.640899658203125,4.302104119844868,19.526153564453125,8.950342034654265e-05,-0.0002271167310910304,0.001990292957156325,-0.00015238322956609323,-380.1856858775278,181.1202855099016,-56.01894489620864,3663.0,4.309138396090936e-05,8.27917481952637,1
2023-07-26,-0.3876963553683938,43.22671777697049,62.49312131832517,0,14.75310251859014,-13.45135498046875,5.165226822421907,21.26177978515625,-6.562208982497049e-05,7.411379775219807e-05,0.1616191352345906,-1.6095763289007745e-05,171.37318631481207,-257.3047229887567,48.713335412298576,-551.0,-9.064570430827126e-05,8.369672947623782,1
2023-07-27,0.41691751669558286,46.24208301955552,57.07610855206862,0,14.75310251859014,2.603515625,5.0546880283982745,26.034881591796875,-0.0003154206581408226,9.240250537967518e-05,-0.28458182060420345,0.0001767222161062012,197.83847654565892,7.017928969984361,173.51487200075488,-264.0,-0.0002920608483565122,8.60867667337134,1
2023-07-28,1.4835004931896423,57.81217824539716,57.32146511651146,0,27.336679319984796,16.922698974609375,7.89678512786989,34.279296875,3.352127993628672e-05,-0.00012357372965180632,0.5439307495573481,-0.0001086797488304151,-495.0188135155256,105.35868986505768,-45.695517639841,-3793.0,6.271755665932931e-05,9.512476580507164,1
2023-07-31,1.8445078020253336,65.62478358963094,60.089237940884615,0,34.71325602519812,26.90277099609375,11.407936678096766,32.977569580078125,-9.150033305490793e-05,0.00023387799959896018,0.262655654927468,0.0003113622985965315,1102.0389810602903,382.863419624927,-17.75546564089599,2011.0,-0.00010763033958344318,9.731840152795614,0
2023-08-01,1.7637214759536883,72.49984799715722,64.22610795964215,0,34.71325602519812,19.960113525390625,12.312808541203536,32.543670654296875,0.00016447288013786518,0.00035474257817330634,0.7087763847008411,0.00047322350600888794,726.4173743454028,194.94477157885171,47.67229725883162,-2684.0,7.147589737269875e-05,9.625594475960368,0
2023-08-02,1.9863147058063702,74.61528414045256,67.68916668657896,0,42.08984594990096,13.451416015625,9.751046895521092,34.27935791015625,-6.520895932524716e-05,1.2222233729934081e-05,-0.3199905482041588,-2.9955340301836745e-05,67.42149570220164,-122.91314545566031,-109.75096399822306,2930.0,-0.00017566375520852183,10.022843366308999,0
2023-08-04,0.8348151083110741,68.97429828165532,68.11754388493775,0,39.05245026662567,-2.1695556640625,4.972082647065601,35.147186279296875,0.00018481690242627634,4.565285974146599e-05,-0.3510265398097146,0.00011605322239535136,216.13150339671847,389.0776916903926,-55.78561960058762,2558.0,0.00015861489787061391,10.298733210142284,0
2023-08-07,-0.4270794052854499,56.880273141522416,64.37178697046598,0,36.44897292792234,-15.18707275390625,7.658351573803135,34.2794189453125,-7.125786151340178e-05,7.941976691536179e-05,-0.4573106033811983,9.927086794369392e-05,325.0296847685315,58.75595254277782,22.48575037512692,-1178.0,-6.159948996398544e-05,10.80287237975622,0
2023-08-08,-0.9755288076123633,45.61249676612316,58.11869023568504,0,36.44897292792234,-25.1671142578125,10.505786551580412,32.543701171875,-2.047442443120279e-05,-0.00034387780079118074,-0.2624818460545425,-0.00034763974562679307,-1025.0409210545745,-1.1682273806183474,-10.045486881775137,1331.0,-1.4912633554215235e-05,10.744100407220447,0
2023-08-09,-1.282334133420529,34.188417729476775,50.14193273361562,0,40.35415923191442,-18.224456787109375,11.633477542882678,33.411529541015625,0.00024838502661232346,2.533732759781172e-05,0.4643336314847943,5.7401187595910047e-05,51.69357048764184,-15.423639317762436,80.84077537992262,-4306.0,0.00017000593079470003,10.658532462170433,0
2023-08-10,-1.94088954929337,24.33548828143264,41.53978458288796,0,35.58110843555073,-14.319183349609375,9.464935139576523,35.147186279296875,-0.0001292678185390131,-5.246394791455893e-05,-0.05595786701777485,-4.6974818915807874e-05,-209.19054879867912,-274.71104760462663,296.5979614439267,3485.0,-0.00025263632060998386,10.579077726666211,0
2023-08-11,-1.8851942329078266,18.604610361127214,33.894726508967715,0,24.299260691207223,-10.41400146484375,6.40374411991431,26.03497314453125,0.00010632908506231828,-0.00019948062064044684,0.5858360655737704,-0.00017064598063677334,-400.97200593694936,28.04609923677153,29.913833941812456,-3646.0,5.360241146987569e-05,10.319333126913424,0
2023-08-14,-1.0630371620465955,20.7364230967977,29.508625371577708,0,22.99756117553187,0.867828369140625,4.886141497882682,23.43145751953125,0.00032828759762906627,1.3652954360116363e-05,-0.2535718573658302,5.0824510251212166e-05,31.339824268427066,149.49705146113158,-64.17119460380091,2273.0,0.00037489621166382134,10.202119669745501,0
2023-08-15,-1.3170306990504337,19.77666819454899,26.264639645901468,0,17.790581097385655,4.7730712890625,4.051957925240136,22.563690185546875,-0.00037925306991468187,0.000689056157127544,0.1745648583407445,0.0007616728000394627,1278.6119161097135,-27.076665505043152,161.82403547575643,-1.0,-0.00030657964447255423,10.093276616790288,0
2023-08-16,-0.7300533310937986,26.362747919724647,26.297342403842528,0,16.488812633020757,11.281829833984375,4.970190897771469,26.0350341796875,9.678373595924073e-05,0.0002941532353571277,-0.6748941477664359,0.0002917419814097454,584.5057167602059,134.09049544951168,-138.88184753202214,4582.0,0.00010364142752079091,10.023202069880522,0
2023-08-17,-0.9447161348859858,33.646630851203284,28.747105219629447,0,16.488812633020757,-0.433929443359375,4.313053286808554,21.69586181640625,0.0001719742190748658,-0.00010673151039301493,-0.22775250227479527,-0.00028755167097242176,-142.70739386967807,-122.87821418283616,-118.89081710291076,-2078.0,0.00011571829661740262,9.74117517252148,0
2023-08-18,-0.20170103413709858,51.99082475237469,36.495011730544526,0,17.790533811133116,11.715728759765625,4.397346066159906,29.94024658203125,0.00018794623687054608,0.00020809886944441922,-0.44193865411472616,0.00020132395529112376,543.5496688136952,21.81441714447604,-39.51034386477235,3192.0,0.0003671549006735293,9.882214651813777,0
2023-08-21,-0.24695475935813102,57.546131789687806,43.51205175025895,0,22.997551060909757,5.207000732421875,5.1102725094942585,21.69580078125,-0.00021359235143978428,0.000428281573808255,0.13135730482669258,0.00047154561503982644,1039.613261951601,113.3080653217264,-8.28867205196255,-2736.0,-0.00019849912803210479,10.075167902829032,0
2023-08-22,-0.6459400948988945,56.27449942904545,47.76620097652111,0,22.997551060909757,3.90521240234375,3.6690954021420032,22.56365966796875,-0.00034946342206220295,0.0004708224699163883,0.24728983432194723,0.0004995322289229214,754.7802097476613,87.93217541268416,-41.907273651720864,-3277.0,-0.00023079299735690616,10.068374747301508,0
2023-08-23,-0.44736594847938344,58.411804764862396,51.31473557263487,0,20.394059462950736,-2.16961669921875,3.58604856592398,19.092315673828125,0.00038423833519625824,0.0002509760783783026,0.3175752092286813,-1.9656316691245473e-05,235.77822195210447,-271.0930179438093,16.84876755769771,2737.0,0.00022516906688152953,9.75212693898035,0
2023-08-24,0.2621734381844799,70.0146321332244,57.54803442616471,0,19.526230485498957,7.376556396484432,4.354332160670524,25.167175292968807,0.00012804019123487264,-9.695392349573609e-05,0.03352393399771279,-9.196973444776679e-05,-188.16206662334437,-37.80119017424572,47.4741902746345,198.0,0.00026450972288595185,9.861390168666636,0
2023-08-25,0.5141108281075129,77.85921693841239,64.31842859691395,0,20.39408593021483,15.621002197265625,6.554872430902872,20.39410400390625,0.0001329845423593859,0.0003654160242677197,0.24652593614087195,0.0006679280636719365,618.933988168154,385.4925860625213,126.8959535275138,-5259.0,0.00011606231301456007,9.807878935206185,0
2023-08-28,0.2715869536244717,78.98947310965212,69.20877676782666,0,21.261896836140465,10.41400146484375,6.8635713900293425,22.563720703125,0.000144531129771097,0.00023068520398041793,0.32014557407842215,0.00022043858247747686,436.0912312530497,-48.48921486610355,29.11882738437822,2334.0,0.00016131036265562852,9.6652079334584,0
2023-08-29,0.10423246551265479,76.22285075100282,71.54680142888537,0,21.261896836140465,-0.8678588867188068,4.9034559013543815,20.39410400390625,-9.261383324319851e-05,0.0002844317341998864,0.20453120428039961,0.00029097876438266877,737.1159320166394,53.161508822367885,-36.19462476951015,1294.0,-0.0001269626546890159,9.718691629781285,0
2023-08-30,0.2129706223440454,74.79184342927783,72.62848209568286,0,17.790549936081618,-3.905242919921818,1.8663478934519868,18.658477783203182,6.990046278012155e-05,0.0001879422873755853,-0.7071339573815534,0.00023778615105982072,581.1030810091818,32.648849890211125,121.46453864394118,3750.0,8.339710441575518e-05,9.737361127531885,0
2023-08-31,-0.26666070090419686,62.527902420768726,69.26162220404481,0,13.451418181383417,-7.81048583984375,3.8445109977787597,16.054962158203182,5.134569183395279e-05,0.00017280682595131793,-0.03972132026102582,0.0002356781224114887,829.7316291916011,363.64795178393024,-61.771547573013066,-4624.0,7.973556801037434e-05,9.78569103658746,1
2023-09-01,0.39657174338340234,65.68528063489299,68.06950834766087,0,13.451418181383417,1.735687255859375,3.1678872463224375,19.526306152343864,-8.479419606493499e-05,-3.994181452199541e-05,0.1554811327011075,1.4399303294447305e-05,-121.14112693634075,308.0736244389341,-143.2602745687323,-689.0,-5.356155704181985e-05,9.675600149005644,1
2023-09-04,0.9852495795383404,77.123520423262,71.08751237286124,0,14.753149313415577,8.244384765624943,5.273463392219267,24.29934692382824,0.00040276580007548424,0.0003862124571475904,0.18941023019705996,0.0005235116281137084,990.4364393805954,211.5061999637619,140.59560179045425,3522.0,0.00034055644212294947,9.852317519090267,1
2023-09-05,1.8406950394326345,84.749013615508,75.64134612041016,0,26.90277099609375,26.90277099609375,10.26189541259339,34.27938842773449,7.63839661940706e-05,7.222223016578065e-05,0.3567765856737141,6.985008131627703e-05,318.5597628154398,-144.64846267450673,134.18532448109715,-5848.0,0.0001313777733455725,10.357346040310805,0
2023-09-06,1.6162802036816006,81.91601185038643,77.73290136373558,0,34.71327292826135,19.09228515625,11.793409962974696,33.84542846679693,-0.00014229805994191665,0.0004148940666454866,-0.08150422102839601,0.0004328680211877847,1445.156523575159,121.836609838416,-59.22983922041061,3034.0,-0.00011237161389492819,10.54735525449336,0
2023-09-07,1.242892643193685,77.94400467358615,77.80326913368577,0,34.27933958523488,9.546142578125057,8.585606096024854,29.506256103515568,0.00015614822901506982,-7.784598234832993e-05,0.0910959987347778,-2.5461315807230135e-05,-213.5126908537407,163.58834861502635,-19.909885382092558,2046.0,0.0001229551969591458,10.258883054126613,0
2023-09-08,1.0585341970229463,74.87934960502909,76.82862929080022,0,32.109772947904844,-3.037384033203125,4.93406114524572,22.563568115234375,-0.00010469186190068288,0.0003355782046303763,-0.13036571990469348,0.0002919507284539255,1241.5782818991495,-89.72096711921088,-71.69275453299295,-3931.0,-0.00014122311742912087,9.991015527839417,0
2023-09-11,-0.08102637421641624,60.86043317370067,71.50589725176704,0,24.733218748345394,-15.0750732421875,6.3943090704407295,27.658599853515625,7.019915248668976e-05,4.533700955872466e-05,-0.32685178944530563,3.5175575386654556e-05,318.7464700775887,-124.1034211695378,52.6624217565134,5118.0,0.00013339637297597504,10.39915398081361,0
2023-09-12,-0.46556434415070447,47.96610362339067,63.65929937564158,0,30.248128949219677,-16.600769042968807,8.555577168443143,19.204254150390625,0.0001976116029206066,-5.551958731205136e-05,0.19063832837532704,0.00011442978304530131,-190.85080216866905,391.002829441406,193.20492913680815,-2960.0,9.66201456864863e-05,10.41521008354339,0
2023-09-13,-0.9538682045491719,34.59229864403527,53.97029913177281,0,26.790815624458276,-21.709808349609375,9.875771194558961,24.31329345703125,-8.635954956955495e-05,-2.5136813015769983e-05,-0.34014426896310657,-2.8394924458540655e-06,-90.33150043259292,-10.160662443385768,90.2881798595122,1410.0,-9.028001395645003e-05,10.265152262462422,1
2023-09-14,0.2114405393351789,39.62256629601724,49.18772151985429,0,26.790815624458276,5.542938232421875,8.368111124920928,36.92486572265631,0.00023294413656010937,3.1202480477094317e-06,0.7073237777341449,0.00020197693942845254,7.79161508340789,372.9953637822297,123.57246425830328,-4454.0,0.00016186805315852624,10.587724132805509,0
2023-09-15,0.4961621155184704,47.334244276350404,48.56989577201966,0,26.790815624458276,13.857330322265625,7.606822386007986,41.110076904296875,0.00010050047233026622,0.00014908238567507156,0.03443755958055291,0.0002643438719238921,454.4995678411499,249.4187510989068,101.97283316910118,2755.0,0.00012269782775966543,10.359356172935952,0
2023-09-18,0.5285736145702629,54.21861213870093,50.45280122758008,0,28.638460763817307,21.247894287109375,9.131360176483506,30.486114501953125,0.00022929946182736203,0.0002304980364063485,-0.3353090601185436,0.000298504631235683,513.7012928212998,131.57535647506427,19.98808514409065,4867.0,0.00016762520554109578,10.444242182140513,0
2023-09-19,0.08571020557803863,59.80166207541123,53.569088176857136,0,28.638460763817307,2.771453857421875,8.502172504357898,30.486114501953125,0.00035730391121185315,-4.915160566219787e-05,0.0425075139544869,4.2471842694375354e-05,-144.2200023631474,140.50628727189695,128.33404379113156,-8018.0,0.00047041604917711635,10.68803291268577,0
2023-09-20,-0.7728159288520432,52.77099897103892,53.3030584415844,0,22.171690140194187,-11.08587646484375,5.043086289292776,34.181396484375,-8.794830696428847e-06,7.184477231058077e-05,0.22750019247055198,1.9301914081279602e-05,185.3872446434103,-230.08391206615352,94.50305629127996,1181.0,-7.73435980782249e-06,10.716448388430821,0
2023-09-21,-1.805564742028085,38.78427063617999,48.463462506449595,0,34.18136138859859,-25.866973876953125,10.725874197955704,32.333709716796875,-5.7556336911719486e-05,0.00030878246210013963,1.258223145011474,0.000361855049960526,1485.3622151671182,91.3549559668833,163.9445715153136,-839.0,-0.00010729715716127155,11.138756008586693,1
2023-09-22,-1.5246700255960037,33.772846382810926,43.56659046523671,0,36.95283595790147,-19.862152099609375,11.536667497102325,30.024139404296875,-0.00021661060029112966,0.00077690794104572,-0.44825022075568155,0.000970077947108899,1236.525902060427,333.4040825963253,-25.95489411617563,2873.0,-7.166937500473178e-05,11.03599619165064,1
2023-09-25,-0.5872936235562,40.848562440344395,42.66058112360594,0,36.02901647330583,0.923828125,9.089192499957784,39.724273681640625,-6.477462477684141e-05,9.7148576034845e-05,0.21565208727707483,0.00010397656508089693,461.7942018044192,186.26790063712176,-153.81116395453867,-3477.0,-0.000193456481489822,11.798409962542298,0
2023-09-26,-1.1154617204063237,39.73238257431285,41.684514940508244,0,30.486086739284133,7.39056396484375,6.183386251325067,42.4957275390625,3.778800009405493e-05,0.00013701159292989917,-0.7745833487306455,0.0002633171658305082,222.8020869009202,80.86733741288207,124.52510148730777,7591.0,1.2927180420287077e-05,11.48356329953908,0
2023-09-27,-1.476230638497913,34.40492100823283,39.25798362974977,0,30.486086739284133,0.0,5.556378991137548,38.338531494140625,0.00011714022071952034,0.00011776485456870383,0.12783664033904837,0.0003114419211553703,272.0187960309568,392.387439163406,54.97695206060582,-5220.0,0.00016639003502637935,11.257194280077897,0
2023-09-28,-1.2867127900262958,32.936602064773716,37.15085644142442,0,30.486086739284133,-9.23822021484375,4.81584673056809,27.714599609375,0.0001779374236948462,0.0004241246919635459,-0.529114968425729,0.00042665344950239693,568.11078363825,12.9918554678392,-9.604610032123617,3187.0,0.00010318666113600144,10.816038568594568,0
2023-10-02,-1.0228292647935506,35.2056085896717,36.502440490840186,0,24.94316184129451,0.4619140625,4.340485753959634,28.638458251953125,0.0004632051001354752,-0.0003730914025341803,0.3003665561179961,-0.0004433727539274132,-413.6755391190434,-73.91113500433688,-4.015281230749121,-835.0,0.00038342326147863137,10.63734921713343,0
2023-10-03,-0.6071364926416799,44.68251887369638,39.229133285125585,0,15.704946337445676,10.623931884765625,3.9922529201672976,22.17169189453125,7.261951322785312e-05,3.107547353706592e-05,-0.11733923719432424,0.00027398048451571797,45.574077545992935,80.7663832156514,275.46863259021154,-1186.0,9.605254247374452e-05,10.471423357326568,0
2023-10-04,-0.6793678166761589,49.48532891884582,42.647865163032336,0,15.704946337445676,6.928680419921875,4.490284933276501,17.090667724609375,0.0004939408218687208,-0.00047863653296030615,0.18017921911670579,-0.0003835999110761514,-801.1504443265537,203.2934736223192,-44.21946525342712,332.0,0.0005637454143255265,10.218367170914785,0
2023-10-05,-0.05293268697739355,60.26295310657809,48.51956114421425,0,16.16688228558894,10.623931884765625,5.256454517864391,18.93829345703125,-1.549911048054776e-05,0.00021072433415435224,0.6256822381709571,3.866324470275637e-05,439.5338735631676,-293.5588191616522,-65.33033068263332,-3999.0,-1.9314176701993917e-05,10.016381419023443,0
2023-10-06,-0.20860643338372625,63.01483258469081,53.351318291039775,0,15.243048495992241,3.2333984375,4.1185204758174585,18.93829345703125,0.0011800894741266707,0.00047549804473867753,0.18782537218010778,0.0005850154420060547,588.3175638216446,106.97372869808348,28.52842334933517,2296.0,0.0007000037315204013,9.696848829390222,0
2023-10-11,0.4346567969460242,68.77756213179076,58.4933995712901,0,23.557403703730245,12.0096435546875,4.771328517232233,23.095428466796875,0.0001322178809721395,-2.8795998615035994e-05,0.3620266120777892,8.333601724999432e-05,-89.9118773796244,212.06900310726203,138.04908779729612,-655.0,0.0003336660620129407,9.961028807195826,0
2023-10-12,0.6954222008962044,76.6597899888454,64.54886304380852,0,23.557433257951118,8.77630615234375,6.162649066583232,21.709747314453125,-0.00014675043722402293,0.000511110412483802,-0.9388185654008439,0.0006200467664661945,1144.3920579740195,-3.928325059372185,247.8401986529228,7259.0,-0.00010523363895809447,9.744430776458383,0
2023-10-13,0.8077006109319755,82.8269575559324,70.64156121451649,0,19.862143823246413,13.3953857421875,5.6704051196091,22.633575439453125,-0.0001583196805403662,-0.00019468249179086742,-0.21185582170517303,-6.483725716541134e-05,-535.4593978014047,271.3929532605283,85.73649633895711,-4443.0,-0.00019447977675635404,9.741265622483764,0
2023-10-16,0.7945052484836875,84.96155750739801,75.41489331214366,0,20.324018613218414,6.928649902343807,5.815294308330264,16.628723144531307,0.00015361921586053316,-0.00030550635305886436,-0.47120072721262707,-0.0002734548186124331,-678.6249281258921,178.237332482214,-107.040874397943,2886.0,0.0001240667648412,9.606352114612545,0
2023-10-17,0.19525056430055518,77.7521424679758,76.1939763640877,0,14.781126484952892,-3.6953125,3.2563890806559357,21.24783325195324,-5.792487972225747e-06,0.00016524707046788328,0.11881443298969072,0.0005085892655226809,334.67109113598326,478.2766237022154,217.0864270717799,174.0,-5.281289914665497e-06,9.51406889370756,0
2023-10-18,0.09462253607284288,71.27922062637417,74.55572445151653,0,14.319196735750268,-7.39056396484375,3.6458721136846988,15.243011474609489,0.00021089366583111258,0.0003822198653268355,0.37587006960556846,0.00034434788305483694,828.2589815672927,-100.12057951624304,18.05313009229029,-6948.0,0.00022564826788930403,9.362390159767461,0
2023-10-19,0.7040681378748055,74.05011356890766,74.38718749064691,0,14.319196735750268,-1.3857116699219318,3.8174009393050983,18.47634887695324,0.00022694632155591287,0.0008160149447698546,0.49420110347933793,0.0009187425488331672,1210.3566148747211,216.14197009921787,-63.77094318949696,2385.0,0.00015534078103839576,9.287532813447685,0
2023-10-20,0.7779127284787988,77.39703543127865,75.39047013752416,0,14.319196735750268,6.928649902343807,3.9922458582922564,17.552520751953296,3.138845711962393e-05,-3.7186282357633334e-05,0.888921325353963,-0.00015635330556638952,-75.33055772136402,-153.46478155948097,-87.9392457099354,-1527.0,4.286898032335928e-05,9.317003187100664,0
2023-10-23,-1.3150506375017252,52.144472096583705,67.64180412387735,0,25.866968825492222,-16.1668701171875,9.751666811344885,41.109954833984546,-5.742352981892279e-05,0.00015043344178189704,0.0571173583221776,0.00012034698100707676,847.2085000587774,-273.0732902553452,103.6328719335456,-1242.0,-0.00015964207988608854,10.433155966307847,0
2023-10-24,-1.3779799078911856,40.54076119967885,58.60812314914452,0,31.871805362482633,-24.01934814453125,12.305380953714717,35.10513305664074,-0.00023923616475441048,6.437198333615683e-05,-0.3743979171186808,-4.960981293210162e-05,176.89491829957566,-357.10616856357456,43.88293861864138,5645.0,-0.00011673454256723533,10.281815336676903,0
2023-10-25,-0.9096879845530311,38.138302092522466,51.784849463603834,0,31.871805362482633,-19.862121582031307,12.541522025094059,39.26235961914074,-9.748698620436028e-05,7.62635129216863e-05,-0.518128948879954,0.000244075177253002,96.42362003550822,157.6648044793853,54.50753769458505,408.0,-4.4853341574509893e-05,10.14128572097536,0
2023-10-26,-1.4814691523129986,28.981103260161255,44.18360072912298,0,31.871805362482633,-3.233367919921875,11.264356458832845,40.18618774414074,0.00022569768831025487,0.000312010088677673,-0.532756635469871,0.0004126383402732035,730.1959624920034,86.84958278882051,148.6503119071931,-38.0,0.0004177642525331129,9.97779945714453,0
2023-10-27,-1.5323419706060422,26.86041948397107,38.409206980739015,0,24.48125744237501,-3.695281982421875,3.5540127703714495,40.18621826171881,6.136500356698978e-05,0.0001752785628096236,0.19056141672946497,0.0001438544432800784,591.3937270480518,-45.81021147235076,-60.215459150964406,-2393.0,8.847037813383521e-05,10.056945893916978,0
2023-10-30,-0.4825398334968673,36.380854740175536,37.73308956721786,0,22.1717065284181,3.233367919921875,5.312976384829623,28.17657470703125,-0.0002496635572793884,-0.0003561269725915294,0.42758744394618836,-0.00042683589051075273,-745.8352941905497,-304.7008667899226,156.6154628273648,-1542.0,-0.0001549691701346328,10.625343037859153,0
2023-10-31,-0.7761404227082758,39.916569855016604,38.46091632981744,0,24.94317400372796,7.85247802734375,5.455631752632016,30.486114501953125,9.872955287702939e-05,0.0005745889152874799,0.5201633271594545,0.0005110976696456896,1085.9242098355376,-88.07732522773523,-31.915732279369017,-184.0,8.909459929522427e-05,10.427281180814067,0
2023-11-01,-0.4403569443818565,45.48656473840242,40.8027991326791,0,24.94317400372796,12.933502197265625,6.13315692875068,28.638458251953125,0.00022011131959411552,0.0007732095756211827,0.29883354934271433,0.0009892299088404412,1028.0548124884708,50.81860153509125,236.40073739123565,-426.0,0.00015485283193393271,10.144385794616579,0
2023-11-02,-0.23510572246626202,58.28137089808273,46.62898972114697,0,28.638474435543344,2.771484375,5.974565236713492,23.095550537109375,-0.00019850735361853127,-0.00010179258211802599,-0.610000737517516,6.570114354331469e-05,-175.33762090571764,208.6338733586196,79.87390159931402,6124.0,-0.0002571677655739771,9.914692142178037,0
2023-11-03,-0.46333274240146116,64.12305109538838,52.46034351256077,0,24.481273816232658,3.695281982421875,2.151734439332641,24.019378662109375,9.38344021115693e-05,0.00023210607604925282,0.031750763956175,0.00021866671602652253,437.4821200624455,46.69284995047487,-72.02385297763772,-5982.0,0.00010267788426743002,9.668410258740264,0
2023-11-06,-0.045766418144231484,72.4362026983719,59.11896324116448,0,12.471585856025854,4.619110107421875,3.0916997368473336,16.166900634765625,6.538346498532338e-05,0.0002514054244512954,-0.3566034018519734,0.00020981173235448032,496.4181117696433,100.41206854105556,-182.541808332048,3478.0,6.849629926778813e-05,9.538701172077353,0
2023-11-07,-0.45628371151192443,73.29076933028293,63.84289860420396,0,12.009676757348302,-1.847686767578125,1.9974698044138737,17.09075927734375,-0.00033349140704938275,0.00025209226261018776,-0.13616701147263494,0.0003056124202247288,356.4042594943443,-25.22647619482716,100.89247222790114,3952.0,-0.00023877840307434298,9.319275753415853,0
2023-11-08,0.31626651208409406,78.19384506033617,68.6265474229147,0,14.31922707837009,8.776275634765625,3.592815856377476,21.709869384765625,7.011428967992859e-05,-3.2728224747725404e-05,-0.23177045671477742,6.341444985411434e-05,-130.18309230725208,399.8448405054309,-17.418027599018366,-4759.0,0.00019726739226554366,9.544440739671435,0
2023-11-09,0.10792599716772203,78.3918655818469,71.8816534758921,0,14.31922707837009,1.847625732421875,3.8005974580683834,21.7098388671875,0.0002502129637053039,-0.0001335114727758489,-0.30172481073909313,-0.00023165595088823462,-202.97402076283092,-153.64992886564556,4.443430547816442,4673.0,9.563118574878233e-05,9.489573373082182,0
2023-11-10,-0.2979569102417747,64.54198732837168,69.43509809338529,0,14.31922707837009,1.385772705078125,3.372258924241126,24.01934814453125,0.0005774282038223397,0.00016621667535711616,0.45995979477332055,0.00017231201917679764,184.66755740513284,-89.84764345702553,96.61960091741072,-5024.0,0.0004219802624971804,9.207668164328942,0
2023-11-13,0.15663405731101232,62.8478109034434,67.239335696738,0,14.31922707837009,-2.771453857421875,3.447345938203717,23.557403564453125,0.0004206728782308359,0.0006063728324247191,-0.20112529392005374,0.0006550697268898587,903.6374115556188,-48.47161479870262,121.04138262506557,2746.0,0.0005642648107051287,9.17685397307737,0
2023-11-14,0.7176007273836952,66.06522213697664,66.84796451015087,0,16.166889574883612,5.542938232421875,3.744034389631446,25.405029296875,-0.0002553390974843319,0.0002281612256754442,0.16814473217452997,0.0003586470454604889,526.1600927566594,158.5408795953448,142.3710340669291,382.0,-0.00039512900925528846,9.313212037549587,0
2023-11-15,0.597740861569255,65.99471470704678,66.56354790911618,0,16.628756265761808,9.238189697265625,4.136610325611752,18.01446533203125,-0.0002136497953094553,-1.2954417085185733e-05,0.2799198474516015,-0.0001607819051003948,-22.368599251663568,-157.77195795737612,-97.48413083829364,-6015.0,-0.00015997323605357878,9.20887381564631,0
2023-11-16,0.4764963667140622,63.5087227297659,65.54527284933275,0,16.628756265761808,3.6953125,4.190418910841927,17.09063720703125,0.00024765424711580496,0.00045927672344238835,0.14643571404359176,0.0006253411014155187,663.0192263890069,77.14371810959972,162.5894749624589,4193.0,0.00020705062882624004,9.046001147959045,1
2023-11-17,1.494929515918656,74.33915066564253,68.47656545476934,0,17.09071048722393,8.776306152343807,5.4595457757963,23.557403564453182,0.00011157626553738813,-0.00047180137232380367,-0.001524596828838596,-0.00045770869214959976,-1509.1255723780453,82.98202868531146,-37.90453361681495,1837.0,0.0002472215433024464,9.389666264661148,0
2023-11-20,1.2602288074316077,75.97453641593432,70.975889108491,0,19.400229974249896,9.238220214843807,5.3370164239965865,19.862152099609432,0.00026674414276613807,0.0006634655178581777,-0.03892455858747994,0.00044374523537333367,889.259420223262,-88.87159414667599,-205.62499347482267,-5642.0,0.00011177349514545342,9.180886238991816,0
2023-11-21,1.3310270492931664,75.26507116527014,72.40561646075071,0,24.94314619125845,13.3953857421875,6.140107284405437,16.628753662109375,0.0010367417931717144,-0.0004317246444540026,0.5305785123966942,-0.0004224376786913282,-843.8282672668597,115.99589219137135,-97.84403468600458,-689.0,0.0015118465635777598,9.283960854555232,0
2023-11-22,1.5699473288391805,79.92030869475023,74.91051387208388,0,24.94314619125845,6.928649902343693,6.621606404329945,20.32403564453125,0.0003065309961140056,-1.3888951500687729e-05,0.10990535248041775,-0.00010117741748620734,-17.46456484187928,-151.56277974748625,41.8025092132565,5433.0,0.00019720388884336847,9.181712016113522,0
2023-11-23,1.1930845553341536,80.1807828540848,76.66727019941752,0,23.095508724048955,5.542907714843693,3.20020476730329,20.785980224609375,0.000317423178140065,-0.00022426583272047232,-0.09928602421995186,-0.0003437167274036462,-471.8019367756863,-173.41482849234922,-77.88142460811395,-3905.0,0.0005310640880662578,8.954792245204105,1
2023-11-24,1.4020765761235123,78.11138560324926,77.14864200069476,0,20.785960995352013,7.85247802734375,4.100347552381963,14.781158447265568,0.0002059201715261021,-0.000205851651849315,-0.25648425381479745,-0.0001769027087725284,-576.8088854325434,69.92115130428813,11.195553082395618,842.0,0.00027427098775745603,9.304972943053022,1
2023-11-27,1.9387591046272028,79.78960848615745,78.02896416251566,0,26.79078019846588,12.4715576171875,6.5893040660813815,23.557434082031193,9.431459605994877e-05,0.00019862234856327988,-0.20215987081146547,0.00014808013523757947,896.4960724271117,-281.9511170956126,53.82524875291783,5066.0,0.00015192232633511513,9.795106702890864,0
2023-11-28,1.8342927839424732,82.78109925995872,79.61300919499669,0,26.79078019846588,16.6287841796875,7.480949721907667,23.095550537109375,-2.2768495922373204e-05,-3.1849129544103586e-05,0.0553004865346399,-0.00018082171821322173,-80.62072078713481,-378.9605405100476,1.8614596890714168,-6446.0,-1.2769184825091442e-05,9.854309044742466,0
2023-11-29,2.29630265316558,87.20060099834726,82.14220646278021,0,30.02420545845746,21.709808349609432,10.438570699034813,28.638488769531307,0.00012384749305944476,0.00010535829468756743,-0.05251464350636235,0.00013819539381334614,407.9023290384295,156.56666015936008,-29.435433785671684,1900.0,0.00018941988259407844,10.107244296410537,0
2023-11-30,1.185398950240801,78.4800267174289,80.92147988099643,0,28.63846462507854,0.4619140625,7.73338708945176,38.800537109375114,-6.825144289657095e-05,4.095088678229572e-05,0.6525267428992991,7.782133895427403e-05,171.84765267248957,259.7939885182341,-105.06960629882262,-761.0,-7.397835641192505e-05,10.243134317370055,0
2023-12-01,1.0197230185177286,71.68935630662622,77.84410535620637,0,23.095557838329285,-2.3095703125,5.352997138483151,34.18142700195324,-8.579865853546932e-06,0.00022661047348757147,0.03696788648244959,0.00021674570450630126,486.2244963338729,-43.36062373850584,22.194380821533223,-1436.0,-4.386893194769091e-06,10.402309051152972,0
2023-12-04,0.9694932027723789,68.06315034558519,74.58378701933265,0,20.786005877156867,-11.547790527343807,5.2361311401285215,25.867065429687614,-0.00011334601237555906,0.00019549571552645757,0.3543329003525701,-1.9078828472051855e-05,246.0931346361532,-83.6141304195541,-186.49573875847352,-349.0,-6.649846848238835e-05,10.05521017640544,0
2023-12-05,0.6113655736057191,60.76004200277653,69.97587201381394,0,20.786005877156867,-2.309539794921875,5.726584239144184,26.32894897460949,7.519916384579171e-05,-0.00030402315595114555,0.14854666731583815,-0.00019597227032680463,-569.7953345131418,251.107045194912,-48.59980417194214,768.0,0.00011196002409658065,9.963859291592573,0
2023-12-06,0.8141161203403593,59.861520156313645,66.60442139464718,0,13.3954051022219,2.3095703125,1.510949172112107,20.324096679687557,0.000903627060989097,0.0005733403465284036,-0.1939979051869393,0.0003923129433224384,797.760091668284,-179.10764359978398,-72.7784109060761,1001.0,0.0006708675793501355,9.846039872623665,0
2023-12-07,-0.03884410063011744,44.31019008475609,59.17301095801681,0,16.166857794449186,-7.852478027343693,3.586878386019073,17.552612304687443,-0.0005019406668010626,-5.7955713353946155e-05,-0.6022929936305732,-0.00019440177405961195,-96.2539498967875,-222.67452494423168,-3.9376851508914825,3747.0,-0.0005991214735223774,10.033579382286332,0
2023-12-08,0.03585077324023026,37.71624661596371,52.020756177332444,0,13.857321882363465,-2.309539794921818,3.7440400371471623,19.862182617187443,0.0003509352054841142,-0.0005812482491620026,-0.28802684828743463,-0.0004306245877009802,-733.9491391958506,191.5272847416975,-1.3329799309269283,-1830.0,0.0002668142014194544,9.877787928985171,1
2023-12-11,0.34842322826256233,41.4963560087846,48.5126227878165,0,13.857321882363465,-0.4619140625,3.938448160279517,24.943176269531136,-0.00039473774730966954,-3.1780458524108985e-05,0.010797781006472065,6.199395125966421e-05,-56.86909657954749,51.80763730246146,115.99566744337451,-2026.0,-0.0005593974996632849,9.700128291405909,1
2023-12-12,0.6354350188465375,57.12160579783868,51.38228379115722,0,19.862169293298678,14.319244384765568,5.670413571850555,27.714660644531136,-5.468589876258915e-05,0.0004426065945921346,0.5819271408295222,0.0006201080357186759,1100.4558743805865,262.9753478580476,178.34772772495995,-1064.0,-7.598256260336593e-05,9.568154152583892,1
2023-12-13,1.2548524673524295,71.41440386522578,58.05965714918007,0,28.176549062588492,22.171691894531193,9.944495530435058,34.181396484374886,0.00016589459831727857,0.0001827955804881158,0.7004328162233138,6.185621303299456e-05,710.1330452680957,-378.0531757555958,-91.777884023697,-1711.0,0.00025920986365870466,9.64356684773973,1
2023-12-14,2.4786906312429613,80.94293591015051,65.68741673617022,0,45.26720099776355,37.87664794921881,17.237980497162685,46.6529541015625,2.5438578571441488e-05,-1.7694346750316162e-06,0.3219709208400646,-3.858488886442407e-06,-9.191280644715505,-230.1347982237126,219.28326252700296,782.0,3.4014203270689455e-05,10.604420654585928,0
2023-12-15,1.365941074895178,79.2705973893015,70.21514362054731,0,42.95766244283544,20.32403564453125,15.291949722753712,55.89114379882818,-0.00010256615897578198,-2.232951911009616e-06,0.07196029776674938,-3.416228995720688e-06,-9.554622591057267,52.8664119688313,-57.9295599521432,494.0,-8.448833769367038e-05,10.902757498327224,0
2023-12-18,0.5992393228677935,72.60014663063802,71.01014462391089,0,36.49090352465339,1.385711669921875,12.061074561866972,58.20071411132824,-6.089072447741862e-05,1.6587892391562991e-06,-0.5016072740631888,4.202088804072162e-05,7.01896926957042,133.5347396967573,37.252678292308985,2365.0,-6.021422569947185e-05,11.212778248325751,0
2023-12-19,0.6890030149817727,70.62233465564155,70.88087463448778,0,35.10517065635719,-16.628753662109432,8.749511990693042,56.353088378906364,6.355345569798909e-05,0.00020896233041154858,-0.27754625770961827,0.00025093917979261227,1446.0487901365043,219.3994175378917,71.08629891483177,-639.0,0.00010393743188508383,11.797596790871063,0
2023-12-20,-0.01762778340816387,62.38768600416385,68.04981175771313,0,35.10517065635719,-12.4715576171875,9.412092281780211,53.58163452148449,-6.69582807148949e-05,0.00010836240125151486,-0.5128524046434494,0.0001965907456316412,429.161271338932,84.96355376175553,264.45827525825064,3222.0,-3.832050761083746e-05,11.812744950364975,0
2023-12-21,-0.5601336096708485,51.26920927903024,62.45627759815217,0,33.71943576376884,-10.162017822265568,7.111018620942701,37.876708984375,6.117841334306431e-05,0.00013456916369376367,-0.35098691235242074,0.00014887819675702755,458.0249883146418,82.93103107171379,-34.22823377626642,1252.0,5.257749918594298e-05,11.529869876607496,0
2023-12-22,-0.3239137043886776,43.88411028424348,56.2655551601826,0,20.324057870730996,-9.23822021484375,5.306949359546149,30.486145019531136,6.0006949460783e-05,0.00039984951210373656,0.34206769983686786,0.0003081895726044,818.1700724191053,-27.880308606039705,-159.6738012978053,-7829.0,3.607488452124986e-05,11.201212183176139,0
2023-12-25,-0.00977175198822723,43.291142258561464,51.94075085964222,0,20.324057870730996,4.15716552734375,5.306949359546149,27.714660644531136,-0.00011082402052496018,0.0001684806006166032,0.3810326336755018,0.0004321507320446622,343.2734954159081,368.18098098090354,169.03794701929814,3261.0,-0.00011035124892930953,10.995009175679908,0
2023-12-26,0.5075271022340915,50.79057616669894,51.55735929532779,0,20.785961934064233,18.476409912109318,6.959376819782798,32.333740234374886,0.0005299837042686697,2.015736754051765e-05,0.15352095663727502,-8.563480830867173e-05,44.57471250757814,-170.60469109409956,-63.33735587954348,3297.0,0.0005752106021217841,10.8365301266285,0
2023-12-27,-0.3408139500491038,46.64576882954357,49.92016247339972,0,24.48125644822568,3.695281982421875,6.882306150922118,34.64328002929676,0.00012583658100467953,2.4804614621703045e-05,-0.8473738949557982,5.668787173763137e-05,82.19009054901304,121.80403051118778,-16.158858057559286,3219.0,0.00018855547558535005,11.250261888273853,0
2023-12-28,-0.6309136070044858,43.526558505739345,47.78896115084626,0,21.709788015800143,-4.61907958984375,5.519774164161376,31.409881591796818,-0.0004965461010866047,8.544781659295413e-05,-0.1373673328738801,-4.4779511555784494e-05,157.03924435156162,-147.56176691760396,-91.77496539261752,-4855.0,-0.00027541007796251803,10.941575774910783,0
2023-12-29,-0.247696128837858,48.7917418957168,48.12322139913644,0,19.862122618728847,-6.928619384765625,4.840145836795512,32.795623779296875,0.00010998469275194245,0.00010112767308292094,0.36742271869294796,0.00018143329412512987,177.66665809409506,156.95570916100192,-15.870377304891896,-2322.0,0.00010513829694712692,10.819906702318306,0
2024-01-02,-1.2589377369248467,33.785679353520905,43.3440407172646,0,24.019353348112645,-9.238220214843693,7.182671588887429,39.72433471679682,-7.381244707556167e-05,0.0002035025420109312,0.4089662447257384,0.00013271127192391135,636.5777261821879,-157.40351387755328,-64.0391536205441,3300.0,-0.00013142418263555842,11.003870618869476,0
2024-01-03,-1.6639409640952614,24.513834246620828,37.06730522705001,0,30.948022714154206,-12.00970458984375,7.2624486162481405,36.952880859375,0.00016787421489647031,7.37473179049565e-05,0.1853649430651484,0.0001651172937932049,231.16753148437965,198.76313970009164,87.64418164947713,-2633.0,0.0001682220804461331,10.745778414933584,0
2024-01-04,-1.3432490138238193,22.31273190341726,32.149114119172424,0,20.32410885404147,-14.319244384765625,7.155902980219955,30.486175537109375,-0.00015161932430883218,0.00032732458006338235,-0.47231833910034604,0.0003787582741163264,639.5840463293475,72.42098936490342,28.07916297219793,4338.0,-9.451330596015948e-05,10.473126830060492,0
2024-01-05,-1.6888861102896071,18.875153891180194,27.72446070984168,0,24.019372632714408,-6.928649902343807,7.69744478315013,32.795745849609375,1.8490351313528054e-05,6.573930427257648e-05,0.5589804828898757,0.00021789875037034199,151.5700519348506,398.9278346517363,-48.10551606146788,-6698.0,2.1817975801405083e-05,10.3849190429146,0
2024-01-08,-1.6366754713514162,16.583435216355483,24.010785545346284,0,24.019334678749203,-1.385711669921875,3.1565773030381226,26.7908935546875,0.00022982020856330673,0.00016115812840802093,0.14826708439396907,0.00023508220370667892,247.18111418965435,-6.203929454317127,119.58719766589276,1098.0,0.00015288433516243922,10.303011117642303,0
2024-01-09,-1.508399972319709,15.944518536788742,21.322029875827106,0,12.009680300702144,-4.157196044921875,2.101569336723635,15.243103027343807,0.00018442321355128445,-0.00034571562631748027,0.9556439120107405,-0.00028324897260021553,-998.9204107192644,134.99322324950907,45.49967506745988,-569.0,0.00034742766047611833,10.259947370932077,0
2024-01-10,-1.1693041962873552,23.45018846813433,22.031416073262847,0,12.009680300702144,5.081024169921875,2.641388850412443,13.85736083984375,-0.00023330746107387036,0.000349762612279293,-0.5791491312138005,0.0002235638460463498,749.7966048214888,-105.93125609214192,-164.60482504440554,4104.0,-0.00017309592193606764,10.087985205646813,0
2024-01-11,-1.4258550085995596,21.40268215770806,21.821838101411252,0,12.00967051583325,0.0,2.205595996720325,15.243072509765625,-3.395844126908683e-05,0.00020596707982245611,0.022924801612293738,0.00025868005921033684,407.8930855387956,-7.578601288258902,111.97033140843018,-3717.0,-3.137084330604796e-05,10.093274040815809,0
2024-01-12,-1.454268817660231,15.550513208657906,19.731396470493472,1,12.0096656155564,-4.157196044921875,2.9828136045170655,13.395416259765625,-9.582640440127818e-05,0.0005568141008655308,-0.7056386873033204,0.0006332372207951377,798.8060659157914,71.14989588887056,38.486788385263466,6938.0,-6.941731161720382e-05,9.80124270428133,0
2024-01-15,-0.8361683587855405,31.79558240410459,23.752791781697177,0,12.93348885571902,-0.923828125,3.3468600810674896,20.785980224609375,-0.00012533023412094292,-0.0008502737441195427,-0.08626497005988024,-0.0009035602564563628,-1537.7532269162136,-255.4439844942748,159.07324875915427,-2299.0,-0.0001579983676902888,9.958987370819923,0
2024-01-16,-0.9226952586914675,37.86376560888692,28.45644972409376,0,12.93348885571902,2.3095703125,3.356409690656523,21.70977783203125,0.00041495744561008863,0.0006135410904497127,0.08663842895648825,0.0005286124744182423,1453.0248228684366,-233.52478683695443,32.391742634264475,-5539.0,0.0005433817684553933,9.775527617771207,0
2024-01-17,-1.7291285367904865,25.242510405924616,27.38513661803738,0,19.86214606316537,-7.85247802734375,5.992388006411821,30.947998046875,7.791673848458252e-05,2.9943141756313313e-05,0.582618025751073,5.848366301067666e-05,116.24622310689574,169.97185996712903,-59.17093505675949,2770.0,0.00012772704664204003,10.034091092199379,0
2024-01-18,-1.5235727500598644,25.004445231945564,26.59157282267344,0,24.48123935124022,-13.8572998046875,6.863684218271512,27.252716064453125,-0.0002367634432819327,0.000386053527354418,-0.3265034320254072,0.00039513816017850047,864.9096900425099,20.78263569366408,-0.4295333301836948,5956.0,-0.000136633250451679,9.977242330182372,0
2024-01-19,-0.3969780387352284,47.487227271825425,33.55679097239077,0,24.48123935124022,4.619079589843807,8.316949258038301,40.64810180664068,0.0001496836367084033,-0.0001135335421866254,-0.012751632208922743,-0.00010501561824214113,-423.94355627531854,-68.58530660960437,100.39193308807204,-8601.0,0.00024947954261823755,10.452350282462877,0
2024-01-22,-0.9294306736864816,51.783917886466234,39.63249994374926,0,22.633589137684282,10.162017822265625,7.747157645534103,41.11001586914074,0.00034266658673804724,0.00016753360785274704,-0.1950529361269195,0.00012194491702156423,567.6643430375418,-97.39723608335116,-57.07370597008625,4690.0,0.0003109407073830507,10.365625920593752,0
2024-01-23,-1.0100817368071549,51.5037393044582,43.58957973065224,0,22.633589137684282,6.46673583984375,7.269764390144955,41.57192993164074,0.00021307393892258254,-0.00014938912630279362,0.981728415900076,-0.00018871251159092254,-432.0493379041936,-89.69775914473874,-24.029678710755853,-3844.0,0.0001818674663873104,10.31808968404582,0
2024-01-24,-0.8162618090996102,53.20376190958031,46.79430712362826,0,22.633589137684282,-8.776275634765682,5.945911346738993,29.562255859375114,-0.00016921325535982598,-4.469911480176001e-05,-0.7984702567119809,-2.665614258246905e-05,-174.26137641748306,72.51014300164573,-2.16885799990672,7749.0,-0.0002280984012614356,10.405923317622184,0
2024-01-25,-0.09971222538999194,67.54464394122246,53.711086062826325,0,16.628770862411045,8.776306152343807,5.219787784487728,37.876617431640796,-4.252560324901118e-05,0.00040348662528724434,-0.11059083181723284,0.000416673670866668,1348.4188123200718,139.00717282323797,-94.93716102158729,-2669.0,-3.6453893900110784e-05,10.388501235325977,0
2024-01-26,-0.43085756602915987,70.67081284812387,59.36432832459218,0,16.628770862411045,6.004852294921875,4.466460907284433,26.32885742187517,0.000537069622346753,6.267331121609303e-05,-0.40071838337898597,-0.0002478382124170624,85.59055954199205,-368.4214459250449,-55.63234246285745,89.0,0.0002194715112892724,10.240348765154186,0
2024-01-29,-0.2526809079887749,75.31900739807848,64.68255468242094,0,16.628770862411045,6.46673583984375,4.579670692499521,20.32400512695324,-0.00019763919105886038,0.00025730045604012176,0.0045031055900621115,0.0005452487860963201,330.45972390783373,332.56681135397844,37.25501918041903,2522.0,-0.00018586936797640292,10.10278009621356,0
2024-01-30,-0.37251815911261715,75.85372181936123,68.40627706140104,0,14.781118387121296,-5.080993652343807,3.5177986335992055,19.86209106445324,0.00022859301592583714,0.000512732110713547,0.3049180327868853,0.0008383824182316082,722.0406384132525,318.3401525883985,140.24777476530082,-6176.0,0.0002506433015657253,9.74408256899778,1
2024-01-31,0.6218263016716999,83.31768549984234,73.37674654088147,0,19.400217414111978,14.781097412109375,6.193720557312524,33.257446289062614,0.00011397389116485721,0.00011633423676261909,0.6988540494938134,3.1104424910419234e-05,497.4091327835628,-416.1309527093799,51.71469847104752,-2973.0,0.0003460512807743867,10.13686294279079,0
2024-02-01,0.2502989862233987,79.88374970004257,75.54574759393518,0,22.17170450897362,8.31439208984375,6.738182385912555,28.176422119140682,-0.00012153958934383461,9.705750528961655e-05,0.40354935194416747,0.00019155620545325335,290.2513430861459,267.1853392645595,15.413874063097849,5776.0,-8.500738729632913e-05,10.23764133287464,0
2024-02-02,0.5066554597622129,75.47805030896315,75.52318183227783,0,31.871797943858155,14.781097412109375,7.035596265405808,27.714508056640625,1.120115823644243e-05,6.681665927704407e-05,-0.1410383095165704,9.837959664895145e-05,418.9766014797352,261.0437702662085,-63.12707739523108,-1566.0,2.34867448882782e-05,11.189054801206487,0
2024-02-05,0.05014532920162001,66.98536930446171,72.6772443230058,0,27.71458833184613,-5.54290771484375,6.043779195603762,31.4097900390625,-0.0005661711023205339,0.0006113772892982274,-0.6652370670531516,0.0006782489113762267,1642.049351142965,50.08909883750902,129.51604117202317,3287.0,-0.00024250438200380735,11.214676615926766,0
2024-02-15,0.3487570278493956,63.98057218977884,69.77835361193014,0,25.405071449482932,4.15716552734375,2.724868379464767,34.643157958984375,-0.00014391161999610536,5.7757089387440805e-05,-0.13677168021680217,6.754223198173933e-06,165.42872177984876,-209.43372437697525,63.35054999468424,-106.0,-0.00015347038173337934,11.238468261352248,1
2024-02-16,0.5820189705195237,66.32523735574553,68.6273148598686,0,23.557429889520506,3.6953125,3.7525775317814856,24.019287109375,-1.214610576036332e-05,0.00014817958108393216,-0.3525982761197748,0.00024169778354544334,320.6594280289805,253.04561833301443,-50.67297635192395,1537.0,-9.17671183782647e-06,11.062598956918821,1
2024-02-19,0.28011457811473284,64.50667605561736,67.25376859178486,0,23.557429889520506,6.00482177734375,3.3212636147431365,22.63360595703125,-0.00023528495175320182,0.00037293763640798555,0.02577889447236181,0.0004230666803556533,830.3926376045672,1.7537867405297192,109.86484586849004,-1773.0,-0.0002420949758513085,10.668336511908212,1
2024-02-20,1.261370187355187,60.85221296563283,65.11991671640085,0,54.0435299728166,17.0906982421875,8.331051006052322,34.181396484375,6.700868913219805e-05,6.314045743312742e-05,0.2779684282772821,8.038133681946253e-05,863.3155597747904,159.7757687637913,75.95770615104671,-3139.0,0.0004114771191775438,13.007711313931512,1
2024-02-21,1.9120019970206024,65.1583117154222,65.13271504940796,0,54.0435299728166,25.405059814453125,12.73650824145504,41.110076904296875,-7.719573584374924e-05,0.00011448985486437615,0.24778576948225642,0.0001687700697194377,912.218183336228,493.8402543923557,-61.35303493662359,2133.0,-4.498452995108414e-05,13.926230708023013,1
2024-02-22,3.2217918414519424,76.32776337301607,68.86439782394399,0,61.434054225462376,57.276885986328125,23.207487232515142,64.66751098632812,-1.2896842164653113e-05,6.267113443857886e-05,-0.15651586004845344,7.451571207417302e-05,583.2381332175107,100.36735012472376,9.86217437357998,2858.0,-1.506364318589871e-05,15.04308912293564,1
2024-02-23,3.315550931646287,79.13914470946386,72.28931345245061,0,86.83917015883173,54.96734619140625,29.246628045655385,74.36761474609375,1.2784552916611315e-05,-3.7556767555346814e-05,0.193319140004198,-5.013134420300324e-05,-485.8029476382901,-133.37693834371237,-29.27727282429369,-7140.0,1.7769660455020035e-05,16.01418728449085,1
2024-02-26,2.92467333943713,82.26501230488113,75.61454640326079,0,77.60094905789333,46.1910400390625,26.05928154617274,74.82949829101562,0.00019019583653647149,0.000273497771308563,0.029340519590625568,0.00033519569396939106,1180.0589193806577,-17.146198983944345,283.3537940031605,3959.0,6.344230691880349e-05,16.256047985280837,1
2024-02-27,3.051287348013924,84.12809240984457,78.45239507212204,0,95.15353798386604,32.333740234375,23.017788314226063,73.44375610351562,-6.0763243497580186e-05,-4.796772815024835e-05,1.046146935108425,-5.138133006763413e-05,-487.8072358112128,-107.88907204819752,73.17448831256588,-5358.0,-0.0001432155371401209,17.1405045581889,0
2024-02-29,2.634510120455868,85.66692848891529,80.85723954438646,0,70.21039265372633,20.324066162109375,14.107570596778196,62.81982421875,0.00012229509573532596,6.846649052966882e-05,-0.22976845915981595,9.993358067850255e-05,381.5812791434199,136.6979434897045,38.67620548482402,3430.0,6.702224104866242e-05,17.03796524145213,0
2024-03-01,2.112692915477116,85.42986544501517,82.38144817792936,0,43.41957303117522,12.9334716796875,9.293470405213583,37.876708984375,1.8663444223949818e-05,-4.484301647071619e-05,0.27936023743765204,-5.264584469057101e-05,-252.5655100116148,-111.21351174996096,67.26630560767134,-331.0,1.886088320898834e-05,16.74478850338144,1
2024-03-04,2.053042925773213,87.37394945709411,84.04561527098427,0,43.41957303117522,5.54290771484375,7.7292349798898385,31.409942626953125,-5.460320926708219e-05,2.2570053715856354e-05,-0.572238716349201,3.840878806308464e-05,161.51699204420447,-44.57028446992864,157.91625881974977,2619.0,-6.937844622834453e-05,17.066437740996058,1
2024-03-05,2.1049365773593114,90.65670701765052,86.24931251987303,0,30.486088948246334,13.8572998046875,6.962449190068639,37.876708984375,6.208525413686391e-05,7.450143508586834e-05,0.2342300222973459,3.788922061927051e-05,397.2574461820882,-206.88607488152,11.661985556153445,-4459.0,4.6260491823322514e-05,17.10116328618937,1
2024-03-06,2.228539262016326,90.27907485408636,87.59256663127748,0,51.73397903202715,32.333740234375,13.022271158600143,37.876708984375,2.9533021458004783e-05,5.814164719730094e-05,0.21221456351804072,5.5861013137454774e-05,392.8143292701639,23.5825988961713,-38.99092978657563,3.0,3.7419713954871835e-05,18.05722922473165,0
2024-03-07,1.897079170827567,88.0341511240799,87.73976146221162,0,54.50544891701702,25.86700439453125,14.789799316313326,36.952880859375,-3.3558647859757486e-05,7.599471411387203e-05,0.11515854292454715,0.00010782113844233775,453.1524525411709,85.35095866040993,104.42832280974176,3496.0,-2.9618660446279673e-05,18.153158356702775,0
2024-03-08,1.1978177955279887,79.08159380726694,84.85370557723006,0,60.048394604289456,2.771484375,10.832764313192369,46.1910400390625,1.7344604345504608e-05,0.00015020218219346325,-0.42643981751449256,8.791482507498153e-05,1168.226761435188,-486.9576094234984,2.505543399868799,645.0,2.262321675758806e-05,19.62796672796173,0
2024-03-11,1.4305266477798912,77.97359174320266,82.56033429922093,0,48.038705256819185,3.6953125,8.350236988677487,54.50543212890625,-1.8672840060748293e-05,9.514501090026673e-05,-0.522127153218495,9.815283647064716e-05,472.1205809083879,101.9147122960442,-86.98953290805034,2002.0,-1.1913143731000003e-05,19.413738883391144,0
2024-03-12,1.0892683281001025,75.5721333100111,80.23093396948431,0,38.800501998043615,0.0,6.148784696710793,47.1148681640625,5.994742227940723e-05,2.046169345085723e-05,-0.18861512319456245,-4.628285575383454e-06,53.5060188256108,40.85995378064413,-106.46864317560583,-279.0,3.159109392558014e-05,18.752904025916333,0
2024-03-13,0.6474967474203862,69.86860118119294,76.77682304005386,0,38.80047555432816,5.54290771484375,6.479927465532359,39.72430419921875,0.0001047276103373864,0.00018912550417681133,-0.03744100681699004,0.00020611535159230894,778.4523009730144,-102.99838975122547,172.92965508395332,-1247.0,0.00016484737571417554,18.93111650954635,0
2024-03-14,0.09726141418470326,59.39959939401854,70.98441515804208,0,48.96249500636122,-22.17169189453125,9.121993017215368,50.81011962890625,0.00016330655315279735,0.00016708723529999467,0.7379941195687684,0.0002564917464951484,913.6822933547844,455.7257848539746,33.16445669192845,-6004.0,0.0002169569865742246,19.29455924355457,0
2024-03-15,0.2943472102899267,56.58081329317967,66.18321453642127,0,42.4957311306498,-6.466796875,8.582086163075191,50.81005859375,-9.194790914452945e-05,-9.507663228707228e-05,0.198202904607669,-5.9152352160457376e-05,-536.5646890821955,241.6953055209509,-38.95673839924012,5354.0,-9.489388363528751e-05,19.368094725413773,0
2024-03-18,0.011863554338520267,52.18592051403547,61.51744986229267,0,42.4957311306498,-2.771484375,7.0537676624145575,38.80035400390625,0.00021536339441974626,0.00010309971928570806,0.0472265459176454,7.121310232124414e-05,558.4400419099148,-169.2804972302803,-3.433491104206354,205.0,0.00020670103790754798,19.370388296912573,0
2024-03-19,-0.12771931929182662,49.88492789399864,57.63994253952799,0,42.4957311306498,10.1619873046875,5.168421684786062,36.95269775390625,-0.00017683545392582306,0.0001252932768726035,-0.16365095822602763,0.00018956284935900405,620.7036453865389,217.6473759142281,100.74447180083516,-3928.0,-0.00016173603855203485,19.04258432429802,0
2024-03-20,-0.33056841418688243,46.46412511579618,53.91467006495072,0,33.25748548729166,-5.54290771484375,4.870883542938653,32.3336181640625,5.4138611022062065e-06,4.819743386858187e-06,-0.2609930377427629,6.984662884812975e-05,21.46189798400485,298.8996152042116,-9.340551584204505,6572.0,4.8662541955355614e-06,18.936156468781373,0
2024-03-21,-0.536679877395965,43.29490719037048,50.37474910675731,0,30.486054119465166,-5.54290771484375,3.4318280922054165,24.01922607421875,7.46973564255453e-05,0.00019432905423763866,0.21500098173964266,0.00018513061368612585,1025.4240879869717,76.40418452351145,-124.94197291774182,-4834.0,8.851702318062092e-05,19.431215482152872,0
2024-03-22,-0.4218966588723656,46.25455441640746,49.001350876640686,0,30.486054119465166,0.0,2.724876656613645,17.55255126953125,5.607551362833276e-05,2.5640501097509378e-05,-0.2846183466129558,6.641484885697086e-05,109.96664778048395,122.28840738946506,52.58408521479247,1465.0,4.557660379152897e-05,19.09906671059258,0
2024-03-25,-0.6443728364561684,43.155193390778,47.052631714686456,0,30.486054119465166,-3.69525146484375,3.2399591644472863,20.32403564453125,-7.510230765660524e-05,9.78430749385519e-05,0.7920925530719982,0.00018970149765030954,275.3458720829253,117.6693333843182,140.83478175735632,-3683.0,-4.927961213981876e-05,18.394719666366132,0
2024-03-26,-1.139645972451319,36.253124523488154,43.45279598428702,0,45.26720366709617,-17.5526123046875,9.389402096923797,36.95281982421875,-6.348281497100312e-07,1.503108317785055e-05,0.039488657916698276,-2.1393695520379585e-05,96.15690542967825,-367.1631717846577,134.1464317972251,1871.0,-1.4431048927024033e-06,19.456350265220824,0
2024-03-27,-0.926823269198853,37.093922223623125,41.333171397399056,0,40.648132203613386,-16.6287841796875,9.524773434323228,41.5718994140625,-4.310113828696217e-05,6.15910149120285e-05,-0.16476661647666166,5.4734009562560475e-05,209.3474285488805,12.626080629920152,-35.93299381372452,3344.0,-2.290070276474166e-05,18.990431735778976,0
2024-03-28,-1.2965592601146718,29.66755476706803,37.44463252062205,0,39.724309008658736,-24.94317626953125,12.733995605514664,52.65777587890625,-3.569723701335527e-05,-8.393644915793489e-05,-0.6395024117796395,-5.65908995689336e-05,-457.7650521371211,2.217431603194271,146.91726564583794,2342.0,-5.72764870278067e-05,19.217664768628847,0
2024-03-29,-1.2061736158418772,25.951221261839382,33.61349543436116,0,39.724309008658736,-5.54290771484375,10.237337241970867,48.0386962890625,0.0004012240432037556,-0.0005076686005784226,0.049111238532110094,-0.00021919297008978495,-664.0305295565767,336.03112731197564,41.29499736716229,-6257.0,9.622826452277668e-05,18.504846434809753,0
2024-04-01,-1.1553304240263331,23.473665591686952,30.23355215346976,0,37.87664971023054,-12.9334716796875,6.043787358909003,41.57196044921875,0.00013439177853165438,0.0005581581927896512,0.47860775905056346,0.0006840343362824216,1156.7030379349833,116.7455727123746,144.1147343878727,-884.0,0.0002129264090080456,17.84294369626345,0
2024-04-02,-0.8936579818098487,28.574290565437956,29.680464957459158,0,23.09551497089393,10.16204833984375,6.413735821861789,32.333740234375,-7.121567298882911e-05,-8.905088909960427e-05,1.0072380106571936,-6.944593534282555e-05,-308.1768089909967,-9.522192423338955,77.36870300025538,-420.0,-0.00011892487521712095,17.42628167236897,0
2024-04-03,-0.7739215358684437,36.103767845520785,31.821565920146366,0,25.86696244251658,11.0858154296875,5.784026321876117,27.714599609375,0.00016972523146338957,-0.00012188712056814564,-0.5732758620689655,-0.00015281447935289964,-394.8354096737843,31.97505180179775,-132.15968426326697,6624.0,0.00015887040118584298,17.039380820282044,0
2024-04-08,-0.8183251584036145,38.02267194159246,33.8886012606284,0,24.019306402656184,7.39056396484375,5.076804308253544,16.62872314453125,9.275170618627027e-05,-0.0003993223682157461,-0.2529930272332588,-0.00023500889601264698,-1092.0340681622288,254.67711632548023,194.67389375083465,-3640.0,7.830259945066335e-05,16.48215419389552,0
2024-04-09,-0.7674159030679589,40.79562077079797,36.19094109735159,0,22.17166478362384,0.0,4.162315136793737,15.70489501953125,0.00021277060392201584,-7.70435474943014e-05,-0.31492493376508685,-6.096848219620459e-05,-183.37704861370133,13.0830673509369,25.178385119895346,582.0,0.00018518584344692218,16.228678283734375,0
2024-04-10,-0.6569328459889137,53.3875515839838,41.92314459289565,0,16.62873519845141,0.0,1.7282915393309373,18.476318359375,0.00018895534329724088,-0.00027051099804150085,0.8660849772382399,-0.00027595886504622554,-593.853876044499,-89.63910661832182,77.67938239138171,-4552.0,0.00017427903210513436,15.795346138053745,0
2024-04-11,-0.71620142436684,57.020304585539165,46.95553125711015,0,15.70492159729281,0.0,1.8932515022845944,13.857177734375,-0.0001290073637171136,0.00048617460642466745,-0.4501015703092252,0.0004371371027507556,1185.2090960818214,-5.140438584173282,-114.40446284718442,8623.0,-0.00014325920485774916,15.656915133643208,0
2024-04-12,-0.6433667207571921,61.0905095721414,51.6671906954539,0,15.70492159729281,0.923828125,1.5458364181140332,12.93341064453125,-6.911027260601839e-05,0.0003092627812211175,0.4517696816798991,0.0004277165325685099,805.8902536055805,238.13922876453643,70.53265000780651,-8130.0,-7.387341020174729e-05,15.13244887247906,0
2024-04-15,-0.8264655878570505,51.83815685091582,51.72417941394121,0,19.400187854508545,-9.2381591796875,3.481210625095191,16.62872314453125,0.00023072139713021413,-0.00010370243344478614,-0.6032367063844922,3.245930614435664e-05,-212.89020710663425,149.2329811195873,130.29277327426598,6291.0,0.0001817633689219308,14.909393106075226,0
2024-04-16,-1.0247902895504553,39.00322165591429,47.48386016126557,0,27.714587147666066,-14.7811279296875,7.459523061840244,24.943115234375,0.0001066568848773394,0.0004083912153846844,0.48701164473230896,0.0004800912859381342,1551.4614832065852,58.85359466982277,213.5320336598404,-2873.0,0.0001973725556917097,14.768258132151221,0
2024-04-17,-0.5206209000990193,50.73333541966123,48.56701858073079,0,28.63846230988645,0.923828125,7.262433864635248,39.72430419921875,1.8861286904721732e-05,0.0001661954902261556,0.11805779353313997,0.00021850371511967302,789.0592921949566,88.30785988896602,160.03997947952826,-4517.0,2.3572037239129438e-05,15.495038197968352,0
2024-04-18,-0.40757466350696436,62.854446963562864,53.329494708341485,0,28.63846230988645,12.0096435546875,8.441719070843508,39.72430419921875,5.06900768654003e-05,1.629728209245705e-06,1.0711890762427718,5.934410998057582e-06,5.1011698948265405,-61.9484947190964,75.42247039460395,42.0,3.341851528323165e-05,15.18009614498886,0
2024-04-19,-0.9322904525872314,47.279278512088716,51.31275597625723,0,28.63846230988645,0.923797607421875,9.569467938861711,58.200714111328125,0.000143596253346894,-0.00025259303054748697,-0.5760895170789164,-0.00027654301262272114,-1299.6434289241438,11.210119911469278,-134.43773533483864,9366.0,0.00023604312482523176,15.811471366792555,0
2024-04-22,-1.9972415969585784,32.818219829217135,45.14791059391054,0,71.13422763030934,-60.972198486328125,25.704808464549586,95.15353393554688,-2.1908660665095603e-05,0.00017619582621318226,-0.7273132863388954,0.00017066414705179232,1574.565543554445,-82.66086435490345,33.22727904974214,-1257.0,-3.8052053963604365e-05,18.04742671088881,1
2024-04-23,-1.6977034045469521,25.774921981966873,38.69024772326265,0,71.13422763030934,-59.12451171874994,30.55599229464671,91.45825195312506,0.00011628488810556575,-0.00019728295540477045,0.02193127003625251,-0.000212289630682321,-633.7434800581576,-8.95585685994871,-39.25095652129303,-8353.0,4.180055916878633e-05,17.68214657655066,1
2024-04-24,-0.9471682444983915,33.20057947512355,36.86035830721628,0,70.21037471031337,-12.933502197265625,26.94643743861824,99.7725830078125,-2.721561853038266e-07,-0.0001954272618793682,1.1743861258181514,-0.00010538093457017962,-787.2392481741351,319.235652725325,43.49778748162469,220.0,-3.4128394685369255e-07,18.39874931116154,0
2024-04-25,-1.2614939519361115,31.65753370173277,35.12608343872178,0,63.74362008073075,17.5526123046875,18.286039953778094,109.93460083007812,-2.5178377271767127e-06,0.0002316999998877258,0.5228374210603612,0.00015559842242877234,813.5422592057841,-165.57436227543798,-101.6325832795099,4573.0,-2.194624532149843e-06,18.932194594040418,0
2024-04-26,-1.2445694240878558,29.330139699039876,33.19410219216114,0,43.419595477859616,9.238220214843693,12.080514712613104,92.38198852539062,0.00013328208278282414,0.0003414929755362398,-0.9575042495750425,0.0003232756081518594,1663.8514438035636,-87.74353328458301,-1.0166907791901494,4783.0,0.00018494834967355638,18.701677438139914,0
2024-04-29,-1.022113425104496,30.808841045075496,32.39901514313259,0,39.724298973943064,-10.1619873046875,9.43472431188225,54.505340576171875,0.00012775271298731634,0.00025678800142982857,-0.2807770158001269,0.00019883596886405646,1030.563691106311,-200.8597725871504,-31.71830838060685,-6258.0,0.00010522949073474236,18.421638568075227,0
2024-04-30,-1.1781818406065694,27.99537357973306,30.931134621999412,0,31.409899721904537,-4.619110107421875,7.315103527922972,57.27679443359369,0.00018859389672421724,0.00020035067600320048,0.332650938013894,9.651862325976899e-05,538.3454720314157,-244.1817514375197,-34.816635596924634,-1829.0,0.00012626930101675268,17.765679592461108,0
2024-05-02,-1.2684351637425806,23.494512258790415,28.452260500929746,0,38.80047092037444,-8.314392089843693,5.519779782503589,37.87658691406244,0.0001823239561615016,0.00013487744823747512,0.02221245520319156,0.0001297478416465987,556.8526049991715,12.645617160941711,-33.82361859911543,7868.0,0.0002801395315759804,17.288548195489465,0
2024-05-03,-1.1725307488566754,22.755219765646864,26.55324692250212,0,27.71461958189616,-14.781127929687443,6.217799788116635,24.019317626953068,4.402744109644333e-05,0.0002837028527166988,-0.2903994137046537,0.0002569651903463258,712.0493352681847,-73.52183636015732,6.414528361175549,-2869.0,2.676510259851434e-05,16.977472734814523,0
2024-05-06,-1.0806743508059875,19.82131501581624,24.309269620273493,0,27.71461958189616,-6.466735839843693,6.51931883600729,21.247863769531193,0.00020409474094668076,0.00030331537599035616,-0.28044290657439447,0.0005120294652318333,655.3571538720591,402.33778615843846,48.6194759048022,-1622.0,0.00017569890281837741,16.226706530400637,1
2024-05-07,-0.6815534186441429,28.293559529027156,25.637366256524714,0,19.400217476264345,12.933471679687443,5.784024372163061,27.714599609374886,-1.4070994394847266e-05,9.41024259637774e-05,0.014100567360106796,3.3764281352346115e-05,368.7148543816255,-6.569309235558663,-229.8493587871451,4322.0,-2.551708067713453e-05,16.255425664947914,0
2024-05-08,-0.5552205494351488,36.32269396185623,29.199142158301886,0,23.095522776890334,15.704956054687443,7.90392980974052,22.171691894531136,0.000112730637880537,0.00011291881512585506,-0.0021677505419376354,0.0001517323391338256,262.52066237112564,307.8793726860049,-217.64328563378635,-2674.0,6.688817224420039e-05,15.688208658992014,0
2024-05-09,-0.4008542157568878,51.2984565886467,36.56558030175016,0,27.71459473108871,19.400207519531193,9.065681038371093,19.400207519531193,1.2634895183719593e-05,5.876192988476406e-05,-0.11328020538054234,0.00014186438299775388,162.44412326028657,243.6012949881267,-13.869133992187514,-236.0,1.5023890801328298e-05,15.227492051877766,0
2024-05-10,-0.6921268025939895,45.657331072652156,39.596163892050825,0,27.71459473108871,-7.390533447265625,7.855182158355416,33.25747680664057,3.712666753414052e-05,-6.309837958520718e-05,0.5912030219604328,-6.09901901349654e-05,-252.37875332000576,8.209168955197185,0.2230955294385666,-3246.0,5.371710505955412e-05,15.195609321922728,0
2024-05-13,-0.38809385658370726,52.31323704362888,43.83518827591018,0,26.790793346892542,-0.923828125,5.118654713707984,42.49566650390619,0.00014892226396491629,1.1834623630676632e-05,0.2973505506491679,0.0002032184050138327,31.59495387993556,472.0271164171246,38.91112166039407,665.0,9.940044310553587e-05,15.034028156897831,0
2024-05-14,-0.13548943057070564,66.12548805125962,51.265288201026664,0,20.32401484618987,3.695281982421875,6.564962540774437,37.876556396484375,-0.00010438663896288751,-0.00027548711184471165,-0.1599826793684631,-0.0002582848091993235,-815.7740885172312,103.70679729296177,-52.76723548562242,4182.0,-0.00011578445619150291,14.686028187342847,0
2024-05-15,-0.22774083433759673,67.3159797561581,56.61551871940381,0,23.095500804908056,12.9334716796875,6.680938659660553,39.724151611328125,0.0004502881545283164,5.539110266334235e-05,0.1054028893562735,0.0002021415310142367,140.99622392315007,352.6018532007978,20.94651940226817,-5866.0,0.00038706987553136456,14.362885394443916,0
2024-05-16,0.1942183600609027,78.21065317077208,63.813896869859896,0,28.638420473906706,18.476409912109375,10.237324436258772,50.810028076171875,-0.00010026486039970508,-9.781326913134202e-05,-0.48507095990981874,-7.758035376683517e-06,-393.1546642905505,329.3193783162528,32.652320501805505,7278.0,-0.00015832406813753665,14.392759861247029,0
2024-05-17,-0.16498128985438199,70.5614893903628,66.0630943766942,0,24.943155712149405,-5.54290771484375,7.25654942661546,52.65771484375,-0.00013759419009914871,-0.00012540004524011622,0.09962669852172615,-0.00010383574987234965,-462.1535903294625,132.92959702095652,-53.45580968654714,-2524.0,-0.00012616040548769496,14.684449763413634,0
2024-05-20,-0.10374424182849061,63.170016240007556,65.09873499779866,0,20.324076922971813,0.0,6.564978644846477,44.343353271484375,0.00019487456777394612,8.83712687916172e-05,-0.05996839147740576,0.00018065556950739423,307.9364906920871,200.2261695611701,121.34558217411008,-4071.0,0.000184253859043476,14.55938132066726,0
2024-05-21,-0.16845244270581056,56.09181096029701,62.09642698529811,0,20.32406737358224,-16.6287841796875,6.962447975281734,37.87664794921875,0.00018258353993825694,0.0003811996400874636,0.021132364643815026,0.0004594547975878111,1035.2013718067597,174.81428302389514,37.69863114550607,6356.0,0.00014229312395205157,14.113310311066968,0
2024-05-22,0.023751721221670512,59.97516245060714,61.38933880706779,0,20.32406737358224,6.46673583984375,6.925576683885537,40.64813232421875,0.00018307801300645817,0.000333664468391817,0.4397958838836133,0.00028738793072365516,750.9899636013878,-178.8522862783416,74.69610954632904,-6623.0,0.0001517357811750808,13.699101343048293,0
2024-05-23,0.10759627715840253,63.44019189726892,62.07295650380149,0,18.476397478431352,7.390533447265625,4.152048574022578,27.714630126953125,0.00012847314561913737,-0.00023025576032254595,0.16323403648802737,-0.00020285256384837985,-742.3003621739063,61.45807089060325,26.88457312838528,-1260.0,0.00018401674948356403,13.644414868804288,0
2024-05-24,-0.1571015671638304,46.8389651785315,56.99495939537817,0,18.476397478431352,-0.923797607421875,4.544584152996769,22.171661376953125,4.0133132222895986e-05,-0.00016834330795731855,0.03701031671596566,4.3366497438321726e-05,-393.7768819422025,264.849446788932,230.367310306172,7541.0,2.9119790501339626e-05,13.395670042795945,1
2024-05-27,-0.026168168849015662,41.83201827080603,51.940645687187455,0,18.476407222839157,-4.619110107421875,4.47837577856097,24.943084716796875,-0.00010618621579612002,0.00023284300797063372,-0.010030559050871832,0.00036529951655749185,764.4627127929296,355.2372634723324,79.63970691176536,-6188.0,-0.00014904138963756428,13.560616585193827,1
2024-05-28,0.257744098565449,52.13046881588491,52.00392006341994,0,16.628778313092084,1.847686767578125,4.914515360929293,31.40985107421875,2.9547187534948918e-05,-8.34533419530102e-05,-0.24039288312719093,-0.00010979195655073209,-389.49243612298574,-94.12793436638997,-28.799331620722533,1070.0,4.200280920649299e-05,13.515824461126291,1
2024-05-29,0.8395687484157758,64.0219406518435,56.00992692622779,0,35.10518816235651,30.486083984375,11.78370068288197,42.495697021484375,-3.67960294971843e-05,1.0058816680115708e-05,0.2870964235242961,4.982869947388394e-05,65.22011000178523,155.766260362604,102.09668843684004,2477.0,-5.1118758395002696e-05,14.200088006052335,0
2024-05-30,1.0803925550791535,71.52744982763255,61.18243456002938,0,45.26722197950937,35.105224609375,16.941479349850013,48.96246337890625,9.278432089095385e-05,8.369971000783117e-05,-0.05359621338837681,7.365847705272026e-05,530.0312594147312,80.1740426555069,-143.76049174566717,-3045.0,9.061862955545497e-05,14.769488880385069,0
2024-05-31,0.22112495640257895,59.223450655709776,60.52943992525618,0,43.41961207951522,1.84765625,14.40983463629946,63.743621826171875,3.4472819518296034e-06,-4.961739575198941e-05,0.30459837704339643,-4.201405848053748e-05,-381.0066729181812,26.425187083680875,31.96002626671043,-2022.0,4.180207993976926e-06,15.892103165638403,0
2024-06-03,0.4691268613086964,54.44826974544798,58.50238319865345,0,37.87665214807021,-10.16204833984375,11.370876563481971,66.51507568359375,-3.4538095043107465e-05,2.9069036929762832e-05,-0.2432636887608069,4.818699958651064e-05,263.22530368757594,121.20052584500525,51.91602900919905,7318.0,-4.072834435852352e-05,16.340645740860662,0
2024-06-04,-0.08302815394256312,43.08896730802834,53.36457790177841,0,49.886343173841624,-33.257568359375,13.17214618252889,72.98178100585938,-7.350779137399511e-06,-7.271886372414561e-05,0.16581768417851442,-5.737349627359538e-05,-600.4152969509227,93.59948213322748,33.10207620786982,-6750.0,-6.702565187177627e-06,17.0210983792208,0
2024-06-05,-0.4833114644000244,32.059311105325534,46.26282230296079,0,55.42925707367391,-18.4764404296875,16.357110547687203,64.66738891601562,3.684823360446713e-05,-1.933643474701228e-05,-0.25941102930962634,-1.913792625501122e-06,-160.82058637072822,158.28151377451763,-13.37788708388873,1922.0,3.711737452564833e-05,17.125049682310422,0
2024-06-06,0.10833712925776885,31.928411866258642,41.48468549072675,0,52.65781254042662,-12.933502197265625,9.36209330527582,68.36264038085938,-2.030865240969176e-05,4.3760227397501234e-05,0.6684360270075163,7.247250303540883e-05,391.8691604855222,338.3433521900104,-81.22733568370153,-419.0,-2.1866404792752378e-05,17.02361232470432,0
2024-06-07,-0.15311024826666708,28.50782319365971,37.15906472503774,0,43.419561949633305,-3.695281982421875,9.182605670143962,48.96240234375,-4.565137546610503e-05,-0.00011090326893618931,-0.5105888156735615,-8.920221489972694e-05,-755.7962401190016,206.8255181729401,-58.934701205096246,3327.0,-3.4741833176683704e-05,16.665473627215807,1
2024-06-11,0.06950833438659003,28.44965187149723,34.2559271071909,0,31.409896577734855,10.162017822265625,4.782493641710654,46.19097900390625,3.5983728064817044e-05,7.530845647274677e-05,-0.5287509796522598,9.839413807209544e-05,464.2848427762394,112.11825177454054,30.207491624738367,3164.0,3.2552664016883575e-05,16.266929062350478,1
2024-06-12,0.4482202050886941,32.29977172517131,33.603875313184375,0,27.714634255421913,4.619140625,6.245192909967783,37.876617431640625,3.440472045871686e-05,2.9105846248674553e-05,0.25880498186977774,8.03801672838035e-05,188.2173206439913,422.9250113646158,-91.35192324279926,-9227.0,3.608748613436703e-05,16.16080081294292,1
2024-06-13,2.0245787736748717,54.28168323199724,40.496477952788666,0,46.19103610542601,39.724273681640625,16.01969493829089,57.276824951171875,-2.4212813661010687e-05,8.385242321267893e-05,-0.10462250083685828,0.0001578457576568201,531.4939726502887,271.9859191760672,197.0167615647273,7209.0,-2.373278091215156e-05,17.184032620376545,0
2024-06-14,1.7416121775741626,63.70101631865341,48.23132407474358,0,49.88633585275312,32.333740234375,18.621344141129928,48.962432861328125,-4.473886029720278e-05,0.0001103782723464764,0.04955609861725493,4.02028397019448e-05,334.34848043879686,31.52031227933033,-244.08976793437063,1484.0,-2.138050465203396e-05,17.012396954139508,0
2024-06-17,1.2422736444597255,65.74776900126898,54.07013905025205,0,49.88633585275312,18.476409912109375,15.942261384034113,50.810089111328125,0.00010369215087327409,0.0004888732260296287,-0.06642669167246439,0.000390104491731634,1018.4842579843064,-193.42408047058103,-12.343786754460387,-7961.0,7.131619917989845e-05,16.589072173640666,0
2024-06-18,1.1520876231688701,67.11227078967936,58.417516296727825,0,45.26721149758339,-11.0858154296875,11.38961657277428,47.11480712890625,-0.00023995881398706237,0.00010579572947884942,0.6282055972196817,6.098830561128104e-05,275.13470158874435,-147.56613618409312,31.038963910769706,753.0,-0.00029954072122451175,16.129997674920578,0
2024-06-19,0.9080229196935234,64.97964275506358,60.60489178283974,0,33.25758015542044,-10.1619873046875,5.828108566504318,43.419464111328125,-0.00020621709383091897,-1.968926794412444e-05,1.3796731467635122,8.530565032022382e-05,-57.6433246751518,236.64648966312683,70.74209278332887,-1403.0,-0.0002321490348033192,15.769701474530232,0
2024-06-20,1.0827592198484306,66.15928186067143,62.45635514211697,0,23.095479161028834,1.84765625,3.786527574848284,18.476318359375,-8.181873035428024e-05,8.628693698613028e-05,0.05299201043534975,3.968233975376661e-05,273.3785018193703,-76.06249585059626,-71.59247272624272,325.0,-8.854266512079237e-05,15.897049344258088,0
2024-06-21,0.8594307909688497,65.09384186553356,63.335517383255834,0,20.324080548774077,-0.923828125,1.6781952907335953,17.55255126953125,-1.4046898071926217e-06,0.00010988752108459438,-0.3963679245283019,0.00010608901694514267,525.9788174218327,-151.6110954223896,133.42947938882122,3879.0,-2.1221740639462453e-06,15.355430634183634,0
2024-06-24,-0.6177574200598901,44.70308404311372,57.12470626987513,0,44.34342008996737,-24.943206787109375,12.3010545177328,36.952789306640625,6.478719776224408e-05,5.815824535062622e-05,-0.6009053187476424,2.109039329187995e-06,229.3160421954226,-101.6170653374399,-119.3831043812923,1106.0,5.336941719641875e-05,16.304217278462723,0
2024-06-25,-0.5623133476377175,34.04447792769977,49.43129682248334,0,48.03872630738141,-28.63848876953125,14.685571860247046,37.8765869140625,0.0003201933933301465,8.575727686781345e-05,-0.5597557607928569,3.8325323553399625e-05,224.35501472232943,-87.47686241814,-36.6128588607568,1096.0,0.00021244867341643387,15.7995023174474,0
2024-06-26,-0.6476910533415887,25.726630361517103,41.5297413354946,0,48.03872630738141,-27.714630126953125,15.477800894345972,36.952789306640625,0.00019112242009253073,-7.994126883389486e-05,-0.20616641901931648,2.9277262014984387e-05,-221.1950126840532,220.12953355645016,82.07475552794239,203.0,0.00020213947357294236,15.39682564729191,0
2024-06-27,-0.5807997078960259,24.373305431462462,35.81092936748389,0,43.41958397713637,-0.923828125,12.108753434857062,32.333709716796875,7.86345762673872e-06,-7.762692875551468e-05,-0.16692751902423228,-2.161885072413344e-05,-197.7405505305689,18.651584843544786,124.01885647927524,763.0,7.2392336228871555e-06,15.154885998189997,0
2024-06-28,0.2835090459988293,32.35998845348523,34.660615729484334,0,36.02901933658728,12.93353271484375,6.346869002719964,44.3433837890625,1.3038385280989485e-05,-9.243863890118154e-05,0.1367868630438463,-0.0001421294285531639,-641.5631630798161,-224.47492005988116,-120.40012963810976,-2582.0,3.552436740300512e-05,15.260163816917816,0
2024-07-01,-0.4643236161893844,29.351103828118998,32.89077842902922,0,28.638452728036214,0.923828125,6.346869002719964,31.409912109375,-6.198101887334515e-05,0.0001930409943155891,-0.00869320579547053,0.0002456688946846484,1249.7460459121637,56.20897955247134,284.50367904151585,1922.0,-5.7815602901221915e-05,15.621870556674791,0
2024-07-02,-0.12256655559463794,30.678502052084646,32.15335297004769,0,28.638452728036214,6.46673583984375,6.380394206586426,36.029022216796875,1.476435874827656e-05,-8.888835144202843e-05,-0.15016836816505427,-8.486888968571745e-05,-546.3179412347711,94.45322648964836,-69.74915631672096,2533.0,1.4016609533529777e-05,15.56181785286851,0
2024-07-03,0.20523386511275848,39.60127662451304,34.63599418820281,0,28.638452728036214,-1.84765625,6.744532896751028,40.648162841796875,-8.314226597206424e-06,-4.046390058139419e-05,-0.2073340630908548,-6.992623964030018e-05,-215.7431186775444,-45.86737228817033,-111.21824775277828,-1677.0,-7.21257683473967e-06,15.176118660103649,0
2024-07-04,0.43333939404966576,54.60596743396087,41.29265193678883,0,27.71462757643377,17.552581787109375,6.993026286913612,46.191070556640625,5.061936656456218e-05,-4.474805375427391e-05,0.4082699754105311,2.3319553193060707e-05,-231.04435934151843,281.17701683854,70.27148917732569,-5671.0,4.901948202849326e-05,15.147905385274816,0
2024-07-05,0.5800456206692539,69.73731162264059,50.77420516540608,0,30.486088758074345,15.7049560546875,8.651418976930874,35.105194091796875,-6.838281141887802e-05,0.00016069050719982818,0.5295115219632228,0.00015000248653236056,736.9546261666648,-34.18777713845694,-14.829345358145716,2040.0,-6.074020603319619e-05,14.989732942047285,0
2024-07-08,0.45622503288238897,76.49153982407925,59.34665005163047,0,33.257543774391536,8.314361572265625,6.55196471672966,22.17169189453125,8.555104059649614e-05,5.4779079050289845e-06,0.7758014564325771,6.305428247220667e-05,23.03019302478333,271.66753732743007,-29.60523125397444,-2548.0,7.842555845473506e-05,14.84285851723036,1
2024-07-09,1.3348128541409627,84.32769321605284,67.67366443977126,0,35.105175781249955,21.24786376953125,10.064974190524154,35.105194091796875,0.00014859568465616378,0.00016270724736586515,-0.04379742659188386,0.00020540102015566522,948.6452436042402,169.3565559349953,79.56440575697195,862.0,0.0002060726147339238,15.366347094942679,0
2024-07-10,1.0729093078094707,87.03607353605692,74.12780080519981,0,36.029035815857924,14.781158447265625,9.842055110028113,31.40985107421875,1.2594107640751859e-05,-5.634350513367281e-05,-0.24412789816638886,-2.8021477372454244e-05,-204.0943745463211,235.32110160888143,-132.72956904278092,3834.0,7.824518804443689e-06,15.192571717488281,0
2024-07-11,1.537545793293567,90.81093468651719,79.6888454323056,0,38.8005188436174,25.867034912109375,11.340833234298712,36.02899169921875,0.0001028626126387672,0.00012561285480132918,-0.1993633952254642,1.623097982227082e-05,367.3964973342812,-169.71016816127897,-150.21343999747023,-2817.0,8.305605575468304e-05,15.0312088998006,0
2024-07-12,1.0155052913257911,86.5822869324719,81.98665926569437,0,38.80045200802783,-1.84765625,9.457340115914535,41.571990966796875,0.00014764151666522021,-9.991830672816441e-05,-0.07530255490811295,-8.999319301007505e-05,-301.2082319558544,69.66203844762052,-39.742336514322815,-289.0,0.00015217010613107225,15.013346263498542,0
2024-07-15,0.8376843637832896,79.72154596465279,81.23162149868051,0,33.257532847828145,-1.84765625,4.646750977437726,43.419586181640625,-8.85920977398265e-05,0.0013094530097239156,0.06057195117661542,0.0014567021994267737,1487.0894766640329,39.43439908504619,127.79017394533253,2532.0,-3.3374932516488604e-05,14.600836400373112,0
2024-07-16,0.3897200186500459,69.14771123030005,77.20365140922036,0,25.866947541345098,-20.3240966796875,7.256564578721196,33.257568359375,9.546695713442257e-05,-0.0002307631240321256,0.0024290642821939027,-0.0003522349189430388,-512.5590514177077,-234.4013049815066,-35.40552934127837,-2266.0,0.00018671679997147767,14.415753123468606,0
2024-07-17,0.16421560941038732,57.209574347205,70.53895905521523,0,38.80046750381615,-14.7811279296875,9.47537613118597,34.18145751953125,3.455086989422682e-05,0.00012543175541147284,-0.11799519767323886,0.00027200282935572177,385.8924261362165,271.01214596058185,179.91566845286144,897.0,4.785642397125155e-05,14.573826016239062,0
2024-07-18,-0.4222140728560118,42.39504012315396,61.15765274452814,0,43.419530720178784,-22.17169189453125,9.962702824766067,34.181396484375,4.9916424534766e-05,0.00019460622171220513,0.48266656197243923,0.000203534314736833,580.2661285592591,-113.48017938146998,140.10147611718904,-2729.0,4.8378813700581094e-05,14.654617893498127,0
2024-07-19,-0.913780290015791,29.52122262584401,50.612176038300106,0,38.80047863707074,-23.09552001953125,12.238444566576515,34.18133544921875,-0.00013038133131753124,0.0002040009586031091,-0.21881710646041855,0.00019325255645640552,448.2794584708989,-71.91356576719656,48.29461845074849,3836.0,-9.608631587467515e-05,14.465693081750137,0
2024-07-22,-2.022541453090627,21.845318288785588,41.0232234551286,0,57.276891000917715,-38.800445556640625,17.046929991918635,50.810150146484375,4.195300696163048e-05,3.319739730233836e-05,-0.14969914931876338,-3.6862320801299517e-06,88.82740467337503,-152.66316711954516,53.9723859374757,336.0,5.108452986135279e-05,15.148096581390035,0
2024-07-23,-1.26263138323152,22.78866280577754,34.94503657201158,0,48.9624741369916,-15.7049560546875,14.818607235166496,55.42926025390625,0.00019237124633872244,6.730671887709173e-05,-0.08556455134880908,0.00019873547724485368,122.1075801599443,190.23726521407465,48.20026250168557,-3323.0,0.00013043118098537632,15.319847278444417,0
2024-07-26,-1.619112671572596,20.387259263162385,30.092444135728517,0,38.80048728473088,-12.9334716796875,11.13577879308242,58.20068359375,0.00038904629691123674,0.00010663648337800688,-0.29841173801240356,3.332977842621514e-06,226.28688318746572,-255.18594375451917,35.97177286821001,6275.0,0.00045506207923373264,15.41334141319045,0
2024-07-29,-2.4787864860072184,14.710074519930705,24.964987597129248,0,42.03383684345454,-10.162017822265625,11.45314127787492,64.66748046875,0.0002104515765994045,4.0591435559099236e-05,0.6354804413975144,9.757646534405513e-05,111.79879902290683,173.5749600929136,-16.62416974781795,-8730.0,0.0002731500881428264,16.259010918238374,1
2024-07-30,-2.330373748489149,14.806717135044005,21.578897443100836,0,38.80047412195387,-23.09552001953125,10.19138226052601,55.42926025390625,0.0003010462057317359,0.0001991452306942884,-0.15033430839949855,0.0002641047656806102,778.3274700769458,258.90279724869214,-5.018783320716288,3894.0,0.000427191771815509,16.087461027608565,1
2024-07-31,-1.7440916370686625,20.199780264503254,21.119191716901643,0,38.80047412195387,-7.390594482421875,10.195568834509324,45.2672119140625,-6.573138460747643e-05,0.00035366934149343155,0.788223912756695,0.00036999124832602464,1526.3138009548109,157.4356855251521,-86.9960156592582,-1139.0,-7.258163539057233e-05,16.654022553874004,0
2024-08-01,-1.4330919769803272,28.466530591824224,23.56830467520917,0,36.02901236849476,13.857330322265625,7.718195174633249,36.952850341796875,0.0002479094986421484,-6.218775332829964e-05,-0.18551980198019802,-6.610807525522528e-05,-134.49507100470015,192.5256967692858,-201.004278929018,-1256.0,0.00012423622626670061,16.388272971867668,0
2024-08-02,-2.1546370178520533,25.038304873360413,24.058304741259583,0,36.02901236849476,-1.847625732421875,6.900885288544432,46.191070556640625,8.410348569725004e-05,-0.00027287604936724013,0.6184505150022391,-0.00012705866761312387,-621.8817877474467,201.90929391560852,130.407060928205,-1748.0,8.862472771362433e-05,16.47143892919939,0
2024-08-05,-3.384849811311003,21.393058351714917,23.16988927807803,0,68.36271760386802,-43.4195556640625,18.812856739528478,61.896026611328125,0.00038923697613465786,4.7895005820874695e-05,-0.4943479345025351,1.3965394247360175e-05,147.03077098924712,-139.88486534515283,35.725843678529834,6969.0,0.0005243118515697025,18.330319682550964,1
2024-08-06,-2.9614276804653055,19.05370515411386,21.797827903423308,0,70.21036994032875,-49.4244384765625,23.683893189037086,63.281768798828125,-0.00011367061354183744,0.0006532203472999616,-0.6109217276187324,0.0007868554071664221,1747.8256025925912,336.9469959328688,20.62113556217861,932.0,-9.907602919406502e-05,18.868652766963784,1
2024-08-07,-1.6325812035133813,28.719771753281044,24.105142520042552,0,68.36276564805496,-10.162078857421818,21.2137182161325,77.60098266601568,-0.00015980788789517842,-0.0001409942278181827,-0.20954931658662726,-0.00013208622952333077,-282.2047407818385,-42.01525082669973,59.84491228578794,-5632.0,-0.00011954262579311331,19.467512327024462,1
2024-08-08,-1.4899966238312308,34.2980228241161,27.50276928806707,0,61.896018187093944,20.32403564453125,14.775357550577228,74.82946777343761,-7.860787987534736e-05,0.00046585772273322724,0.32203852053860577,0.0004555769968989589,1183.4700832664405,36.72247648200562,-62.83974547936491,1551.0,-9.977163651579792e-05,18.670860527905127,1
2024-08-09,-0.7720609060550335,43.698694481726584,32.90141101928691,0,55.429268431906564,33.257568359375,14.638259000621975,70.67230224609386,-0.0004760642801562009,0.0005971518175287581,0.028285330855786106,0.0005493281801962508,1206.6204884458643,-16.527463670191807,-80.10622133844329,3807.0,-0.0003786583596728654,18.986909862281056,1
2024-08-12,-0.19186128126179175,54.13246580297702,39.97842928051695,0,57.276887436718766,18.4764404296875,15.750402414867976,47.114837646484546,-0.00014252669427205139,-0.00011564102555053766,-0.28562533080108343,6.814057735087656e-06,-132.15294502479674,148.30842417546188,-8.368469367815262,-2300.0,-8.06074507802931e-05,18.587514849735022,0
2024-08-13,0.33824028196619166,65.81803006743309,48.591629542822325,0,44.34342726946085,28.638458251953125,12.16852076368296,54.04348754882824,-0.00023027598620553946,0.00044593739421651456,0.14132490056725566,0.0005276494170005181,541.3898475111653,-57.60744862748446,156.80984817638125,-2952.0,-0.00024463576800630123,18.183656373897715,0
2024-08-14,0.9070035723619101,75.96201990651002,57.715092997384886,0,42.4957592629014,27.252685546875,14.996088853680648,40.64810180664068,7.753093802066194e-05,0.0005208817149320609,0.07642417758759026,0.0005060607592569837,1177.0379738771228,63.38314484747372,-96.87410284931264,4490.0,0.0001443079259882458,17.808643791311212,1
2024-08-15,0.465849018393358,77.724694648867,64.3849602145456,0,36.95280435139068,7.390594482421818,10.162021290175849,49.88629150390625,0.00019894430347206196,-2.0180015226823196e-05,-0.3296036186168313,-0.0003431696802329283,-27.47664459249225,-197.068763429201,-242.7065356808166,2154.0,0.00011987327002202489,17.39443146613985,1
2024-08-16,0.9210192213471449,81.89776500160565,70.22256181023229,0,29.56229922667569,7.390594482421875,7.315122798140135,46.65289306640625,0.0005428615757315572,4.071220084988129e-05,-0.4000773694390716,0.00017186310997325242,77.85178393858294,282.93304170031433,-32.14010918187526,-1473.0,0.0007624140387271106,17.273754866532318,1
2024-08-19,1.900994775644089,85.46270815795276,75.30261059280578,0,42.495747221132945,19.400238037109375,12.30797370309398,60.04827880859369,0.0001669310709958994,-4.324346513200435e-05,0.47041976192607177,4.916402188875248e-05,-149.00854836918626,184.14818919004068,134.2699916235183,-5937.0,0.00030080419479963893,18.019531234882685,0
2024-08-20,1.6855618658086955,85.2158803737824,78.60703385313131,0,37.876628589804454,27.714599609375,13.087629598345954,54.505340576171875,-0.00012195090291404606,-0.00026457753007050376,0.08769613412349925,-0.00036922090871890955,-408.8540384157201,-8.451952380353902,-153.25440243543537,6458.0,-5.469021834700501e-05,17.52426827502193,0
2024-08-21,1.1759726575985665,79.53784979055759,78.9173058322734,0,37.876628589804454,10.1619873046875,12.877264355018179,53.58154296875,-0.00026045612851448324,-0.00014138810581785328,0.5305532468471073,-0.00024719295308461256,-189.56652703960424,-43.82980600516207,-98.02836038228716,-5415.0,-0.0002259789696909673,17.06438122163038,0
2024-08-22,1.42585903322016,78.6204819865672,78.81836455037133,0,32.33369911813219,-4.61907958984375,8.932911557378402,49.886322021484375,0.0003030665735926808,-0.00046811223538352384,0.065015136971129,-0.00027076278042276403,-534.364160057354,178.92564926353933,46.35467405781687,-1630.0,0.00025803379575003966,16.901294080588453,0
2024-08-23,1.157081923914754,73.24701788997153,76.96124899690473,0,29.562274341757586,-6.466705322265625,4.862136866961284,46.191009521484375,-0.00036269065852227917,0.0001427473931891392,0.5297337213848226,0.00026288440176974113,220.45008095553564,-91.45867612719236,276.9907035475335,2980.0,-0.0004906718207233459,16.48590526729245,0
2024-08-26,0.9715203516374893,65.09148604021992,73.00466134467646,0,23.095480541120992,0.0,4.2535966164542085,26.790863037109375,0.0011145975274001526,-0.0002874846933932462,-0.08274900734983527,-0.00033219909901466906,-261.9839386351851,75.0730631530338,-115.82116685261956,-697.0,0.0006577122628850935,15.902225401461207,0
2024-08-27,0.8433285054346386,58.02843461482844,68.01258576806046,0,19.40027979671123,-9.238250732421875,3.601735313276502,25.8670654296875,0.000716087103602387,0.000353279657337264,-0.49763934888309497,0.0005220814567322729,340.2715470744486,282.2797574862812,-119.69340914679591,2425.0,0.0007568554053844614,15.36023693699993,0
2024-08-28,0.6711773603405302,47.25701045484185,61.094060663654254,0,26.7908376138638,-7.390625,4.5913255548412275,19.400299072265625,-0.00015030541344132522,-0.0008192021787569717,-0.06827807044726784,-0.0008844017500725309,-733.5373877221764,-112.25142382743849,53.86983688391852,-1067.0,-0.0001397329323545804,15.252885136955092,0
2024-08-29,0.8269767738829095,44.24977055725563,55.47929729485472,0,19.400295715416974,0.0,2.724900453428402,16.628814697265625,-0.0007678633015749072,0.00040447842138567895,-0.04937519049070405,0.0006726105225493081,398.52813932867423,123.72016582404058,140.46744399937043,-872.0,-0.0008449215566454054,15.285175734126051,0
2024-08-30,0.6573466962792693,40.284145244302,50.41424661133715,0,18.476421924552085,0.0,1.893272349761457,13.857391357421875,0.00036896707663971437,0.0003324858156672179,0.2424508619743055,0.00036607796108283026,700.1173769653548,113.14505338709844,-42.40987123257102,-269.0,0.0007885363452577938,14.721275048291863,0
2024-09-02,0.5703398734520381,41.79861379486908,47.54236900584779,0,18.476421924552085,4.619110107421875,1.893272349761457,12.93353271484375,5.239238598109691e-05,-0.001221515766171811,0.21473956699090055,-0.0013583595497765105,-996.2413855428732,30.53263626746345,-142.1394156122169,-684.0,2.0292518221295403e-05,14.263641245394709,0
2024-09-03,0.2636404885175342,38.2105657666648,44.43176792612012,0,18.476421924552085,-3.695281982421875,2.106636859999296,14.781158447265625,0.000471348113735115,0.00027827774140239933,-0.22053853701079254,0.0002865500103764845,424.43394190854326,-50.757916820787344,63.37492208863459,2976.0,0.0008814707556931781,13.970668924881396,0
2024-09-04,-0.6846903646042979,33.717431155968264,40.86032233606951,0,42.0338307939258,-23.095489501953068,10.645999239269617,33.25756835937494,-0.0002917920789970719,0.00039197855357533436,0.41737726632999417,0.0005486875252543084,936.6013954839754,292.959411378877,81.48413973029731,-5653.0,-0.00045712434977920093,15.249321376945025,0
2024-09-05,-0.9408761685357062,26.36980734470279,36.030150672280605,0,42.0338307939258,-30.659820556640568,14.417781822182318,34.35513305664057,-5.721815045643754e-05,-0.00015065750867272328,0.12334080330977418,-0.0001138797867220636,-525.7846112147232,-69.51372715339323,197.86551265382485,1723.0,-8.357154099190866e-05,15.078834138412036,0
2024-09-06,-0.3431687565134225,33.18264573668395,35.08098236041506,0,42.0338307939258,-12.196472167968693,13.206823823752686,47.27554321289057,5.1047926014717964e-05,0.0005986872791889297,0.7624040644254676,0.00048591176414568445,1203.543432102622,-312.407780225924,85.69471123242788,-772.0,2.9405106017534314e-05,15.464969786971059,0
2024-09-09,-0.6836209567638336,30.924450191692248,33.69547163750745,0,40.18619041957902,0.47637939453119316,10.49662348065278,54.002899169921875,6.364071907932269e-05,0.0002326348480772175,-0.7402597402597403,0.00037740351828542646,451.4114056196271,178.10671832620676,102.80660763723796,5110.0,6.142866794393835e-05,15.176996626499173,0
2024-09-10,-0.873008877368726,24.88561882496262,30.758854033325843,0,25.391997897791896,0.47640991210931816,5.9558137475851005,56.024261474609375,-7.24761909877262e-05,-0.00012926779575588834,-0.19803034335906308,-0.0002431561538755931,-223.00711345504533,-190.2606699535668,-6.214514386790572,-2602.0,-6.443561487672148e-05,15.011675483023554,0
2024-09-11,-0.5497739947941368,25.770897706988585,29.096201924546754,0,22.390267864988402,-8.098602294921932,5.982428315832922,40.96945190429693,0.00039314866422014743,0.00015914058502912735,0.06193969030154849,0.0005915651284663265,166.5385534053764,188.37622897101744,264.1504342169468,-3040.0,0.00023848565936863066,14.756079534975596,0
2024-09-12,0.005286691802972933,36.56119113700141,31.584531662031637,0,24.295819936342014,13.338897705078125,7.562435511514696,48.11526489257818,-0.0003890193094408918,0.0004797577945626761,-0.3280909750786354,0.0007462418068641507,534.9961475130335,316.9806495686888,-19.814201058847004,8806.0,-0.0004145395162016319,14.824989652353334,0
2024-09-13,-0.09905186155855432,42.27486974118921,35.14797768841749,0,24.295819936342014,16.19720458984375,7.931547995119522,36.20553588867193,2.262987909842083e-05,0.00019291641224771124,-0.04262641406569443,0.00029876593121081315,245.6032348474469,175.94997567973485,-41.192212141177016,-5349.0,2.5835598364824126e-05,14.446617382299204,0
2024-09-16,-1.4961925967880498,31.886951598916042,34.06096899191701,0,47.16248474100598,-26.201385498046875,15.59036031701256,63.8360595703125,2.275139761489214e-05,7.433601601297187e-05,-0.591399026098375,0.00014042944366458063,523.2535954678215,264.28226037749823,200.95149185186065,3749.0,0.0001257928955350567,16.375131423089766,0
2024-09-18,-1.4392018884240145,22.941467287699865,30.354468423844626,0,47.16248474100598,-41.92221069335932,19.916239443145752,60.97775268554682,8.877515510064683e-05,-8.757848006597132e-05,0.17649103496219912,-6.4162315382768344e-06,-352.4041558476198,454.0098213859294,-127.423727889541,-431.0,5.0748372365600054e-05,15.852006986050535,0
2024-09-19,-1.0023527256469276,22.365018689722636,27.69131851247063,0,47.16248474100598,-31.441650390625,20.472523764393237,62.406921386718636,0.00017513043855836149,0.0001158871585229832,-0.2678854067742957,0.0001460911925545207,301.6164944216468,243.35209252178933,-164.7408384527915,67.0,0.00011327597036493623,15.434304139429461,0
2024-09-20,-0.9948124798743103,19.96051407470371,25.114383699881657,0,45.256925102005255,1.905548095703125,16.008360875401355,52.402770996093636,-9.95641485281597e-05,-0.00013960069296399899,0.46212859230394543,-0.00010771267804557615,-648.2286981429882,116.11467852508716,31.95569245984847,-4696.0,-0.00017763309808256224,14.978381646011671,1
2024-09-23,-0.4800426577637419,25.428208852871734,25.218992084211685,0,24.77222357855902,14.768035888671818,5.632673704916871,59.548583984374886,-0.0002878016148162482,5.7496876601824007e-05,0.33076455080105455,0.00022861674515511693,133.26436319077982,376.7896367047296,19.826347672430455,1367.0,-0.00014365552100772749,14.657107191312237,0
2024-09-24,-0.3803428758218586,29.410054009337475,26.616012725920285,0,18.579168178184943,7.622222900390625,6.5527248239819516,23.819458007812386,0.00040981667977511984,-0.00018989067032099374,-0.1165616269248262,3.096302796813316e-05,-342.3445848788739,400.95510896931694,-2.788798155066221,4525.0,0.0003187716500188563,14.324754330532622,0
2024-09-25,0.052387338882257946,38.12521252697823,30.452412659606267,0,29.536093932115307,19.0555419921875,7.44447537323247,29.536102294921818,7.836204697235623e-05,-7.10489272363171e-05,0.1811636639222846,8.297630940820012e-05,-241.31796555385995,403.7543566518841,119.39297571216518,-7645.0,0.00014763117195475158,14.356418711410067,0
2024-09-26,0.13810926913380528,45.416810117548174,35.4405451455869,0,25.72499815634262,10.004180908203125,8.126582928390631,22.866668701171875,-9.470811856824636e-05,0.0003251947064118754,0.08994464944649447,0.000284012733455011,941.6559051262624,-48.428703039200514,-70.82061822885704,2275.0,-8.07428073920351e-05,13.90943247269472,0
2024-09-27,0.3120379154204859,60.71265546051751,43.86458191723044,0,24.7722406614933,12.3861083984375,5.869453418366685,22.866668701171875,0.00033884742576141617,0.0003308017399327168,1.341566110397946,0.00025557409364510063,854.7860723565614,-220.8036716996808,26.416712562467417,-3339.0,0.0003023744392524493,13.392290489896185,0
2024-09-30,-0.5328224552483452,48.318218236385235,45.3491273569487,0,24.77224336075875,-18.102783203125,8.953075036096275,34.77642822265625,5.476018839796642e-05,0.00019618902041791306,-0.9245852722816241,0.0001695963520551241,565.4828725443062,-60.63843668697734,-16.010595263818693,9740.0,6.108295493678919e-05,14.00097759148284,0
2024-10-01,-0.32123820432543143,42.162385239423735,44.286879984440375,0,24.77224336075875,-16.673614501953125,10.263947273084694,36.681976318359375,0.00033064032215594964,-0.0002183278903956365,-0.26972067761541446,-0.0001600257290884911,-455.3876588035474,190.72832315863505,-69.12185001067509,-3620.0,0.0002392671613457806,13.545353186341586,0
2024-10-04,0.07474193479600068,42.728144574478,43.76730151445292,0,24.77224336075875,-12.3861083984375,9.753770697078103,35.252838134765625,4.3987899544515635e-05,3.3395378623715636e-06,-0.4629265091863517,3.4794149488500184e-05,10.154930183118836,81.83178906642114,13.81599160393166,-476.0,6.412859962165756e-05,13.428522443473444,0
2024-10-07,0.05009569345943293,39.38288551602081,42.30582951497554,0,24.77224336075875,8.0986328125,8.525903787572766,35.729217529296875,0.0006000992556670677,0.0004925867772258096,0.5341406853903633,0.0005530882959802143,927.85861998751,8.703802964630583,105.25958032951029,-1432.0,0.00037173339236600195,13.217953412277128,0
2024-10-08,-0.13195383765885568,30.10141305008012,38.23769069334374,0,17.62638880897731,0.47637939453125,4.0507161714043125,38.111175537109375,0.0003719028257868043,0.00010842459303574737,-0.3282850012907667,0.0002583592187057832,285.03014818394286,162.0962797609871,232.05681204305017,5723.0,0.0005190311450520678,12.784231809564204,0
2024-10-09,0.1914845057050614,31.606076818252145,36.02715273497987,0,20.00833229218017,-0.952789306640625,3.392081913667826,21.9139404296875,-9.679062001054305e-06,0.000629242967752642,-0.19322115771676998,0.0005635277373528585,1591.5977239890165,-244.16101633465345,77.94189828989693,-1891.0,-9.312905855768222e-06,13.09607299404776,0
2024-10-11,0.39239720665144845,37.09635435492966,36.383553274963134,0,19.055563956473918,3.81109619140625,3.324501053503575,22.86669921875,0.0005097257310648708,0.00037938065973321247,0.17023991832567636,0.0002463773710576734,435.9907036366232,78.23385973830825,-231.0835001401452,-5833.0,0.00023159205715111685,12.909250327584171,0
2024-10-14,0.48194086266002384,42.679617399081195,38.48224131633582,0,19.055563956473918,10.480560302734432,4.061896927380008,17.150024414062557,0.0004822634221169465,0.0003596592568733551,0.24516841524019878,0.0006903933523103888,315.22946989401896,273.6915289695754,16.185991455835108,5060.0,0.0003678051880476653,12.429522136074167,0
2024-10-15,0.7033420443806118,57.81816049357474,44.92754770874879,0,19.05556648064237,9.0513916015625,5.528988262104822,20.00836181640625,0.0006396207685131333,1.184952249881684e-05,-0.02952433023510115,0.00016259197328409925,14.530121478499185,159.86312891164573,24.98027909028325,1097.0,0.000894860592316852,12.086143585840848,0
2024-10-16,0.24483631716768772,48.862925968816015,46.23934046210453,0,17.62637494040007,-5.716644287109375,4.41013187363038,26.201385498046875,-0.0001283427763773488,9.400146136457942e-05,-0.4762744346492909,0.0001953379253416978,280.1245428693694,188.36196436674567,113.620900957995,56.0,-0.00031190302742579,12.311735503291333,0
2024-10-17,-0.13113561044425875,37.17298523246541,43.21722205222483,0,27.630555731729316,-17.149993896484432,8.27189739592403,30.4888916015625,8.489808796832463e-05,2.0795584592231848e-05,0.2990979852193216,9.897309680486502e-05,108.51809817167366,369.4745579905029,38.4810302489739,-4701.0,0.00014866625257272298,12.453159187380395,0
2024-10-18,-0.2092932891267289,27.080849847696992,37.838431317382216,0,27.630555731729316,-23.343048095703068,10.265044576995072,29.059722900390568,0.00022356816064217884,0.0002220235957222828,0.5153440895620678,0.0002867193221627093,624.8652060131542,36.7713430252666,145.30889173020765,-572.0,0.0001205774580928271,12.516425638383799,0
2024-10-21,0.2556133916117892,32.99644339845496,36.22443534440646,0,27.630555731729316,-1.429168701171875,9.304838994437135,38.111114501952954,-0.00035620221920292303,0.0003537578142561147,0.39721838994742537,0.0003439537510400879,774.0213900767504,-80.61833227006727,59.16706156152717,1722.0,-0.0002769212801734066,12.371006685837406,0
2024-10-22,0.44194048526960694,42.687294741740196,38.37872181018437,0,19.05556457234502,13.338897705078125,6.614779500610394,38.58749389648426,-0.00019723741877194015,-0.00010896104122994432,-0.1376783236685759,7.710462556729568e-05,-271.5936763047697,287.9030085330084,175.87980694978887,140.0,-0.00022469364978070706,12.09986338013867,0
2024-10-23,0.08366633613963077,40.527160431650714,39.09486801733982,0,19.05556457234502,8.098602294921818,6.247784006184107,34.30001831054676,-0.0003488774124341173,-0.00022714563713008463,-0.39417817743580236,-0.00012837608218305987,-598.7397721346669,284.2241262067854,-23.874592004829346,2390.0,-0.0003689420458513804,11.882115932279572,0
2024-10-24,0.490913466309768,50.00661432440545,42.73211678636169,0,25.72499417612181,6.66943359375,6.7506165575543955,33.347229003906136,-8.055760153791577e-06,-0.0002093184648073338,-0.30840888297429925,-0.0001637991546651488,-901.723223861978,161.65833495115936,34.434346729669386,1178.0,-1.3165535650724615e-05,12.224365798521701,0
2024-10-25,0.7410029754679218,63.79751293681113,49.75391550317818,0,21.437489780551005,8.098602294921875,5.963428358639526,37.63473510742182,0.00022360808992553949,0.0002460403310210078,0.2744356351752103,0.0003048166739712801,504.7947961475262,17.92579988351035,102.66415353898964,-6591.0,0.00010649528108886004,11.895641163296597,0
2024-10-28,0.43238627929375234,66.34119941381181,55.28301014005605,0,18.579169663921277,9.0513916015625,5.462915951585033,33.34722900390625,0.0006577124182266461,-0.00035700650133626253,0.6717777777777778,-0.00034691762201605024,-462.01996370432414,50.27593020159701,-37.219407029344346,-633.0,0.00041487005790293984,11.65845252773043,0
2024-10-29,0.4741012746651435,69.22748091805394,59.93116706605535,0,18.579169663921277,0.952789306640625,5.487786324940843,29.5361328125,6.922809093015816e-05,-0.0005514784713315432,1.1553378135741035,-0.0006850151422755611,-1091.7343557714896,-205.35459042621733,-59.0012802081076,-283.0,0.000105897608631061,11.472233732514889,0
2024-10-30,0.23380618439064815,64.05287680527931,61.30507031246334,0,13.815266884134303,-10.480560302734375,3.7420054056466956,27.630584716796875,0.0006011397907933269,0.0002847859359065236,-0.20263094953360442,0.000435779090921933,433.1471627185784,272.5893060414405,-42.9352099686685,2328.0,0.0004618532431417907,11.265288476839983,0
2024-11-01,0.5303376573951003,71.76175007505087,64.79063023332586,0,37.15832922845567,2.85833740234375,3.8496251410302835,25.72503662109375,-0.00013392380234352082,0.00038489562682405545,-0.29431813279261404,0.0004326974793523391,1695.7997104596743,265.53026190582875,-54.92156170889224,229.0,-0.00038794701566674517,12.978680669336454,0
2024-11-04,0.30798920330058976,73.90955059152448,67.83027035272539,0,36.68194187756063,-1.429168701171875,2.622307963482207,22.86669921875,-0.0003991887720686618,0.00010427644826500029,-0.6835670741863487,2.9886187158493606e-05,196.357453076064,-212.3365500933568,72.25619208753272,4283.0,-0.00017061134129897583,12.93635431800009,0
2024-11-05,0.11164311095407128,72.77731121213901,69.47928397252993,0,35.252779171790564,0.952789306640625,2.9635870502971575,19.531982421875,5.7791461603949044e-05,0.0005625781859979142,-0.47697091948226594,0.0006106234405065539,703.0944646709852,223.5264167812272,-163.48080296345557,1163.0,3.8355999904245944e-05,12.522745698210713,1
2024-11-06,0.7070936660677691,76.77907665863432,71.9125482012314,0,43.82777588062504,4.763885498046875,4.869897634677456,29.5361328125,0.00011770477407433902,0.0001003996335150724,0.32284490783839137,9.847437991188046e-05,249.09761512853905,130.8203310018017,-135.5970026317907,-8914.0,0.00023366880076498245,12.887291316510991,0
2024-11-07,0.8527269783544171,82.0104229012224,75.27850643456173,0,44.3041496371045,11.909698486328125,5.9748280646063385,28.10693359375,4.852502249422588e-05,8.159732983584056e-05,0.2554803515506617,0.0001116916604218681,140.6662080853144,-154.39482207815925,206.27464923572623,5222.0,3.371647289323134e-05,12.885520508188778,0
2024-11-08,1.0538294679392697,84.8622949793826,78.47310261616869,0,29.536115191365695,19.531951904296875,8.136352166344285,25.725006103515625,-0.0004627070353075311,0.0003723802733724032,0.9267894922425952,0.0002516095159207124,751.4458897926611,-191.2000402144939,-52.50967209741775,-3317.0,-0.0005416307550348936,12.713737339914132,0
2024-11-11,0.9182829270022228,86.13460473278826,81.02693665504188,0,26.677785611436036,7.622222900390625,7.902888079973349,23.34307861328125,4.587852798359975e-05,2.1379594877565525e-05,-0.23665299825423244,0.00015767473608609717,25.8352734868092,124.69865388034448,40.00148511717481,38.0,2.7473375367813722e-05,12.486168822088867,0
2024-11-12,0.3672996386764881,80.87985727669341,80.97791019559239,0,24.772211138330817,-4.763885498046875,4.313891567176633,29.05975341796875,-0.0002488677277140295,0.00016243225560971312,0.020479071288423807,9.102340023850737e-05,360.4353884431417,-29.540822781383586,-128.91464178991282,3112.0,-0.00045699362322363524,12.68318851730865,0
2024-11-13,0.6532050956591388,80.4631106737243,80.8063103549697,0,20.008336834896795,-4.763916015625,3.77522197204702,22.86669921875,0.000273847407933745,0.00024751188927462194,-0.6264674493062967,0.0005267538693819486,393.01868371760816,413.98977010993406,29.41242677892761,3307.0,0.0001959614375803662,12.457802035913588,0
2024-11-14,0.15432119124765964,67.18372301591089,76.26544790861676,0,20.008337510280057,-11.433349609375,5.36441108751043,26.677825927734375,0.00011926410621249795,-8.455622803714133e-05,-0.30637667692665077,-5.150836103410404e-06,-200.85427218582925,240.5196789297813,-51.9006667681404,-2902.0,0.0001784136583846014,12.282542365637259,0
2024-11-15,0.1659646576117813,57.43282367638833,69.98790649787395,0,20.008337510280057,-1.905548095703125,4.830126260498602,22.86669921875,-0.00023041203940541398,0.0004952953488581003,0.004973677321776562,0.0005005456590495751,795.2254097219137,144.7386273464455,-136.30894981604143,-462.0,-0.00015573839493661793,12.357996532863678,0
2024-11-18,0.6639189623872144,60.08344206443226,66.68641835339339,0,20.008337510280057,1.9055786132813068,4.185726117254971,30.488922119140682,-4.9794205199242795e-05,3.015068847713138e-05,0.26319286256643887,0.00012797523275642913,95.02414598275482,154.6158008004789,153.69204375647132,591.0,-9.774387388580591e-05,12.36000560221039,0
2024-11-19,1.0093218634838148,64.05562856381681,65.80948842353453,0,23.819445807433908,15.24444580078125,6.320013357264176,27.63055419921875,-8.429589137469518e-05,-4.973047631054047e-05,-0.20068489106689497,3.9436143351739834e-05,-253.4470956957068,316.1734360734335,138.25657270608713,2137.0,-0.00013631208660646178,12.395898060495457,0
2024-11-20,0.5406698484194957,57.37043528212023,62.99647070972976,0,23.819445807433908,7.622222900390625,6.370088330387967,29.536102294921875,1.6335179541479345e-05,0.00012416793818420475,-0.19555138536262281,0.00017854715530792495,521.9059061422422,219.3036183454676,9.264520928598357,-366.0,1.347230648126586e-05,11.986864884299353,0
2024-11-21,0.7671663812279222,58.246994617066406,61.41331201217531,0,21.4374898480292,2.858337402343693,5.36440078901485,25.725006103515625,0.0001546214637543996,-9.077525255063792e-05,-0.1604106261264791,-1.8521663106383243e-05,-339.0807890746223,149.9532876992045,119.94190326779112,276.0,0.00013741139787644519,12.117465861453194,0
2024-11-22,-0.2645780149507311,38.83132974471094,53.88598458968719,0,24.295817744897818,-17.626373291015625,6.706768464851867,39.540283203125,-0.00010487553585064679,5.7904191070692586e-05,0.04437375745526839,7.50630681730294e-05,216.90869442147692,-146.052235259502,210.329268772716,-468.0,-0.00010517328405182325,12.715127081669545,0
2024-11-25,0.014505675093853367,30.462712053844907,46.07822707773977,0,24.295817744897818,-7.622222900390625,7.484005760612586,34.29998779296869,0.00013423122155264842,7.417638266696684e-05,0.08858444996315804,0.00036313460611098,194.5286020134779,662.3893930812437,95.40759331580894,-890.0,9.397328232031459e-05,12.657597789906744,0
2024-11-26,-0.42302273510931243,20.308474702563274,37.4883096193476,0,25.24862646484371,-17.626403808593693,7.418527841259063,34.77639770507807,-8.457665230474468e-05,0.00043614544210810954,0.6259854207210477,0.00038356004150155325,851.5373394989468,-170.63655146164663,67.96797395099631,-4968.0,-6.296584467660435e-05,12.672233686502917,0
2024-11-27,-0.6667629769891933,13.538983135042184,29.505200791245798,0,29.059722656250017,-6.66943359375,8.17253620046103,31.918060302734375,-0.0002171609446448068,0.0003551646599533584,0.5643296625778893,0.00037522717925904007,484.81893972797167,-12.508547420032896,39.89496964833095,1058.0,-0.00015183056076736317,12.277490834567553,0
2024-11-28,-1.0540354354323886,11.43562852069699,23.482010034396197,0,35.72916479707186,-15.7208251953125,6.085852404839235,33.8236083984375,2.3557419829318186e-05,9.374547689347639e-05,0.12951228486161645,-5.580671764414701e-06,184.98382475291365,-280.9456552819995,84.94973648592396,2854.0,3.405346603337384e-05,12.183166125497282,1
2024-11-29,-0.6545283327628609,13.972962852850673,20.31232764054769,0,27.63054193585259,-5.240264892578182,5.925246529440005,23.343048095703125,-0.0002250569949567838,0.00037219812824159005,-0.16831950607756124,0.00044838149965998556,690.6597795201723,157.75963175385243,-16.391939348963653,-2458.0,-0.00021164063923266265,12.163634465187254,1
2024-12-02,0.5440325470673393,29.31530860696735,23.31332129602091,0,28.106946518164364,13.815277099609375,7.384797366927054,35.252777099609375,-0.00011856548567427803,0.0006934071421792141,0.16062281486299698,0.0007420594863311343,1034.124529410388,80.22208745696149,-7.663586916144663,-1713.0,-9.529120806455996e-05,12.757997994404162,0
2024-12-03,0.3589025475291422,37.87685240233546,28.167831664792423,0,34.2999788172105,17.626373291015625,8.636967980765784,30.965301513671932,-0.0002801482251333389,0.0003002198696062719,-0.397404246314453,0.00045077974342543656,534.6861838111174,203.055287672952,65.08913752125149,7927.0,-0.00033455141913051864,12.867545764123005,1
2024-12-04,1.6097967697429278,56.25898692651822,37.531550085367684,0,40.96944774303847,30.4888916015625,13.765909774242456,44.304229736328125,0.00040519803745373586,7.719827609152624e-05,-0.176833720544308,-4.454488941305323e-05,206.21157190602835,-297.8131262208868,-27.38648701595289,-4438.0,0.0006077335798218032,13.377603774656937,1
2024-12-05,1.8396415086547064,68.75599117510558,47.93969711528031,0,45.73333321965538,20.008331298828125,14.170469962229701,43.3514404296875,7.94468427302234e-05,-0.00039652023585157436,-0.24898803907843076,-0.0002236206581725136,-587.1017394100958,272.5811334761863,-16.579967279350242,-762.0,4.40371519200269e-05,13.034560678489793,0
2024-12-06,2.392815538782656,72.8904650742327,56.256619768264436,0,54.78469505563379,32.39443969726568,13.701458215216107,49.54446411132818,-4.578802025827135e-05,-8.046042563830089e-05,0.3552658451902785,-9.722225795814162e-05,-439.0681978452235,-111.4870802939229,20.018666463497336,1721.0,-0.0001687537806389102,13.736852120213225,0
2024-12-09,1.8734010387919342,73.2313228315559,61.91485412269492,0,45.73332855942505,10.48052978515625,12.484659531114632,39.063903808593864,5.695858727238808e-05,4.640885478570128e-06,-0.39964004366683387,4.736457234373212e-05,16.865177387199424,20.19896012722693,135.06075505930693,3556.0,3.79314648462915e-05,13.844537290709795,0
2024-12-10,1.82354977524829,74.42475698540113,66.08482174359699,0,44.3041384296219,7.622222900390625,6.137831660131275,39.063903808593864,1.3917388762449916e-05,-5.261005836238185e-05,0.02355110172767552,-7.1940974298159055e-06,-165.7073212955699,236.3142537362129,-93.26637535596475,-5541.0,1.2062591211657398e-05,13.53619735990156,0
2024-12-11,2.0103021489348176,78.11891848001858,70.09618732240418,0,28.58331196896296,2.858337402343693,5.059591564353187,27.63052368164074,-2.806090434276946e-06,2.350288622249722e-05,0.2837613514305244,7.654026269512894e-05,87.8172182087324,102.25333682637988,95.91785027052607,-921.0,-3.3287963581007143e-06,13.99849279429634,0
2024-12-12,1.671573771106493,78.45609216634855,72.88282227038565,0,20.008333441428476,5.7166748046875,3.042925366322202,24.77218627929699,0.0001453399866692013,8.35408692830116e-05,0.19155787942795802,0.00016050464691113445,233.9899549382643,116.38851133337278,99.17964128034704,4618.0,0.00010894940484099657,13.61110046430276,1
2024-12-13,1.9841139248158135,83.55407571294532,76.43990675123887,0,20.008333441428476,12.3861083984375,5.571920930107671,22.866668701171932,0.0002565344656429586,0.00027746525767054035,0.23683030710603004,0.00044272675991932387,517.8156526140385,209.83576398107985,98.5812009296809,-5810.0,0.0001709283342176856,13.523601263704835,0
2024-12-16,1.786505467414644,82.18246565368128,78.354093052053,0,26.6777861963555,5.7166748046875,5.218577883163114,19.055572509765625,-5.289912573662817e-05,5.048231131869149e-05,0.0468999013432496,7.451763467665421e-05,157.70073316454528,135.75812798774484,-60.67463802094889,780.0,-8.854752228831923e-05,13.578463100014014,0
2024-12-17,2.362638256514368,81.73866520348068,79.48228376919556,0,36.205580474203714,19.055572509765625,7.453629881748503,28.583343505859375,-4.087428891049748e-05,0.00010699908016556029,0.1950697110527379,7.056644669467999e-05,491.9009862957212,-18.22158050974346,-149.2681615510937,3421.0,-6.0152457895271934e-05,14.037740739822969,0
2024-12-18,2.2892618687068746,82.56262586375752,80.50906446738287,0,30.488894586943502,13.338897705078125,8.963212161240463,25.72503662109375,-1.6783705783403185e-05,0.00010675342661004635,0.1464841266477345,0.0001482035335466013,238.68464888607213,16.706174352954214,75.97004724114223,-5353.0,-8.162681905319819e-06,14.123933926640552,0
2024-12-19,1.3197786556874764,71.70840644809685,77.57551179428754,0,30.488894586943502,1.905548095703125,6.6353384959968125,36.20562744140625,-0.0004017069487083136,-0.00037660194386530076,-0.057373300627780316,-0.00032648048538437536,-985.2799398123228,92.37573573036455,38.7538784413962,2392.0,-0.00047004968238826053,14.408139047645536,0
2024-12-20,0.7468328961769898,59.20912650279509,71.45338336379005,0,23.819468666330977,-15.24444580078125,7.74040958111446,33.347259521484375,-0.00021361739976847438,-0.00011811447459093827,0.6407164480322906,-0.00012093204592162317,-363.6012362912526,-129.11121870926695,120.43766347631322,-1272.0,-0.0002513516669549724,14.467875203091529,0
2024-12-23,1.075940838795927,57.893812860089504,66.9335265292232,0,23.819468666330977,-10.480560302734375,7.330823210966741,40.016693115234375,0.0005232580545275722,7.58384098671818e-05,-0.7940194405283075,0.00020884949172358459,113.54746656703072,249.20173187773395,-50.05368280095384,6014.0,0.00025449656433652196,14.319177833980834,0
2024-12-24,0.5464239842479118,49.01251530091169,60.95985611978603,0,20.008361290118955,-2.85833740234375,6.916674923260902,33.347259521484375,0.0009534194579011608,-0.0005434501734836898,-0.44156172878567357,-0.0003328750176140548,-525.8168457046645,107.7307861614968,96.01183762563612,-90.0,0.0006161274305738413,14.113046082841942,1
2024-12-25,0.5296468027896087,46.2166541260558,56.04545545520929,0,18.102800993822314,5.716644287109375,2.9826647893894136,33.347259521484375,-3.7711675841335395e-05,0.0008612818667829322,-0.6023365194962829,0.0011541346267966135,559.9572379977227,64.95525358439372,125.44121122194116,2016.0,-2.534023436255085e-05,13.717471366713394,1
2024-12-26,1.3881905674048933,62.95392313187723,58.348278014098604,0,25.72499395352662,15.244415283203125,8.897121421038738,38.111114501953125,0.00020341506964739774,0.000585944617220681,0.6892219665402077,0.000742571029798097,1118.4504994062186,288.49931180629414,10.46902789506494,-9314.0,0.0005972192030194591,13.96265154741132,0
2024-12-27,1.3948431478703365,69.31971260707095,62.00542287842272,0,37.15835471986571,24.772247314453125,11.131612483173045,37.15838623046875,0.00014122284849466465,0.0005144830988514836,0.02730011296598469,0.0005629174643939519,931.25711101839,25.977271357726053,61.69295032648165,7008.0,0.000133919326902292,14.122263791597643,0
2024-12-30,1.4888775684125322,76.37187404072847,66.79423993252465,0,40.016696115816046,27.630584716796875,13.51804539071638,35.252838134765625,0.0005069892231812802,2.2245336485741225e-05,0.28999621459788705,4.442207274247112e-05,71.9342774418752,13.5158005695166,58.196645752409495,-503.0,0.0009057266458099539,14.066308499120618,0
2024-12-31,1.425348320963429,84.24790340694446,72.61212775733125,0,40.016696115816046,14.29168701171875,12.249782632669246,34.300018310546875,0.00012031301960371595,0.00019957163558611887,-0.4688752104988096,0.0001796820992424792,1094.4356821099714,-46.92575280079288,-62.14695290296501,-1122.0,0.00020403616305678094,14.218516659894277,0
2025-01-02,-0.18126052763703399,71.24464273927258,72.15629941797836,0,30.488924301120278,-12.3861083984375,8.643539814039976,53.355560302734375,8.708478270757147e-06,6.987824347870987e-05,-0.004435682602267127,0.00011620344691869702,289.20047432126694,118.61340178518704,73.10966022846075,1676.0,6.572156043668135e-06,15.380685458651525,0
2025-01-03,-0.7933747642772555,56.226600052564926,66.84639962950722,0,33.34722875361342,-25.725006103515625,12.433657300526132,43.827789306640625,-0.00013004447276035571,-7.750898974273774e-07,-0.08156358405956511,0.00010041142907889402,-2.251582670823609,111.69002166630295,182.24983409010136,410.0,-9.127896313136481e-05,15.575120691146013,0
2025-01-06,-0.6578814978779298,48.59550019224084,60.76276648375176,0,33.34722875361342,-26.67779541015625,13.564962954057162,41.92218017578125,-0.0003431464990786226,-8.199799063139601e-05,-0.0008458567118730086,-0.00011178148493429661,-168.04159812456385,-83.25684010198137,22.220393454263657,-2076.0,-0.00024207912688073703,15.075112070349872,0
2025-01-07,-0.5434577157693931,45.889054303543574,55.804862423682366,0,33.347213603042746,-1.90557861328125,11.758221032709459,39.0638427734375,8.747061521714463e-05,8.029458729063369e-06,0.5687070266644306,-4.0373701721829564e-05,18.518188107122995,14.46120457731996,-126.09249386516576,-3986.0,9.843755297252653e-05,14.678873911947274,0
2025-01-08,-0.7933008166233959,37.25934198934257,49.62302227890244,0,29.536112931991966,2.858306884765625,2.936659217647532,38.111083984375,-0.0001279213074706549,-1.5132145453580163e-05,-0.19985599348840122,-7.5209487579675e-05,-32.90609112473726,-81.92045370384659,-48.722653091400986,8190.0,-0.00012061642646414365,14.310938473792305,0
2025-01-09,-1.4621044680714603,26.465577373579205,41.90387397712803,0,23.819445958830272,-10.48052978515625,5.104246823741592,26.677734375,-0.00019772576980530386,9.779076266356473e-05,-0.2790539197592209,1.7255546424213873e-05,302.2497334252926,-90.97369076309808,-157.94294488516277,-928.0,-0.0002810318740791734,14.377617527370669,0
2025-01-10,-1.6725300044211717,17.643718249052807,33.81715540110296,0,20.961105037569723,-17.149993896484375,7.520300660692948,22.86663818359375,-0.00011865357064846986,0.00015747628704425136,0.12696439669714996,7.938577781216515e-05,296.34438862991874,-295.9795663453694,149.02611290460646,-8692.0,-7.224274847166841e-05,14.439533757877358,0
2025-01-13,-2.1754004122681336,16.13406361238467,27.922791471530196,0,38.11109851925204,-23.819427490234375,10.854971846304977,29.536102294921875,-0.0001595678676982706,7.306511176276009e-05,0.3164403729756257,0.00010934956727642965,201.82761209204867,3.817949263688924,96.41052963280949,6396.0,-0.00023422563710803418,14.633138531784283,0
2025-01-14,-1.8659736689804902,17.773575801457678,24.539719581506024,0,38.11109442026731,-9.527801513671875,9.22768801723184,30.488861083984375,0.0008188749905936528,0.000401086632682775,-0.03415596597341269,0.00012287264387384785,462.1629018478099,-290.44265321600227,-30.136927166781845,2648.0,0.00034158907458075937,14.13235879762702,0
2025-01-15,-1.6311125817394942,22.219424897526626,23.76628802017956,0,34.300009761569925,-3.81109619140625,5.148531161478929,29.536102294921875,0.00034307622918954093,0.0005800539493370935,-0.6218911850674325,0.0004757842222497875,914.3877648718048,-42.56313726790222,-121.80599219689364,-959.0,0.0004693488444833363,13.80346018775327,0
2025-01-16,-1.241326604439936,30.646292878733654,26.059622973030923,0,32.39443823614664,10.480560302734375,4.282205087928724,23.8194580078125,5.7911117496190364e-05,0.0004642678883758151,-0.02221769780877001,0.00038231818726934514,769.7324812647943,-72.53892917552169,-63.32949582424904,-1398.0,6.090754495204932e-05,13.906387424873303,0
2025-01-17,-0.5516055610291056,46.2642224058021,32.79448945062131,0,35.252799487904724,18.102813720703125,8.452389532966096,31.441680908203125,0.00031987798132193705,-0.00026312315676368003,0.6385776460783406,-0.00018065613199310263,-690.9387810699421,260.3790114531208,-43.827696569714746,-4539.0,0.0005066332374789652,14.206129688738645,0
2025-01-20,-0.5736147506554579,56.6761782023182,40.75505236785361,0,31.44170319783251,16.197235107421875,8.695904589125949,21.913909912109375,7.023148848204114e-05,-0.0006747210073071239,0.8292817461880934,-0.0007365268167579707,-1332.3526809411728,-152.98696126192834,30.940759902005844,-1079.0,5.2813669382854556e-05,14.008072866715422,0
2025-01-21,-0.45471103738954366,65.9892154476779,49.16644006112837,0,31.441680501879887,13.3388671875,8.129377125548674,20.008331298828125,-0.0002605598412758492,0.0005993783505522316,-0.04425294049144055,0.0005405420815186098,760.5919467435642,-102.2372769628951,27.57593431983798,5998.0,-0.00016744152986629263,13.688051788934164,1
2025-01-22,-0.3658970796866709,71.77058875343556,56.70115629189743,0,22.86665296242552,3.81109619140625,5.965331528463952,20.008331298828125,0.0004190896746633313,-0.00030164852074150066,-0.3391061837212505,-0.0002394640948218532,-620.1272190492526,-26.30482783831448,154.14319753737024,-1636.0,0.000678947017288717,13.527000507141471,1
2025-02-03,-1.0909176608396742,65.30738128444665,59.5698979560805,0,24.7722200996339,-8.57501220703125,4.7447918143342465,27.63055419921875,0.0001158474897205617,2.0425743180593537e-05,-0.4915215200806103,-1.572941291753903e-05,65.14075886438988,-66.02873030055521,-49.27548576980426,1329.0,0.00017971402866353797,13.853841567873934,1
2025-02-04,1.1596138742638027,73.16788361972455,64.10255984396184,0,50.49719537109178,27.63055419921875,14.332883265779989,54.30828857421875,-6.403999038125684e-05,-7.680517352727474e-05,0.14875808303619992,-4.7275557880811314e-05,-502.0678156356157,323.8509594843752,-130.81878543539287,-1334.0,-0.00013126478126247688,16.062890628178174,0
2025-02-05,0.9364003379191702,73.31562231825481,67.17358066872616,0,59.07219113664456,22.86663818359375,16.631351619058137,57.1666259765625,7.761550488076735e-07,-0.00014158284442759356,-0.29705153684898317,-0.00018551256334272437,-881.1882625480118,-177.7134746099239,-95.6978475142292,3642.0,7.3898334366635e-07,16.208596840140792,0
2025-02-06,-0.5388889911320899,57.479232948007244,63.94213142848652,0,59.07219113664456,9.52777099609375,16.76183583600174,80.986083984375,-4.786739738649068e-05,7.437491897235992e-05,0.07303809470689944,7.321533705942488e-05,524.8776369228729,-25.880899797168382,17.697514555349905,-3181.0,-5.427668418143774e-05,17.16056041141407,0
2025-02-07,0.29570752366445663,54.448513470124176,60.777592109032405,0,59.07219113664456,-15.24444580078125,16.370028796366586,92.41937255859375,-0.00014754554302888766,0.00016353585868496525,0.05451757623942302,0.00017938945952760224,655.493096181588,116.4130498328813,-52.86780669457907,-1101.0,-8.380108806572025e-05,17.091748989607147,0
2025-02-10,0.4831049706385292,54.5785986063761,58.711260941480305,0,47.63886443362156,-8.574951171875,11.321622149437998,83.84442138671875,0.00015876888467239854,-4.1139820468886963e-05,0.11498319476384221,2.0055741824710418e-05,-145.90624043603168,226.2366686084013,-9.20085455130258,2982.0,0.0001404823432467513,16.755632070642513,0
2025-02-11,0.527360917630438,55.74056998363317,57.72103062219793,0,47.63886443362156,19.0555419921875,9.53729486161424,47.63885498046875,0.00046130638744228917,-0.0005924835579869172,-0.08340976840174272,-0.0006149873945448145,-1354.625375286946,-26.04831118604065,-25.40335803194438,-911.0,0.00029738625854413143,16.103245658444177,0
2025-02-12,0.36572257988989737,55.4399696153821,56.96067695325932,0,31.441692078793665,3.8111572265625,7.7404067637952325,46.68603515625,-0.00026154282008202645,-5.5751923852228736e-05,-0.22384021643988222,-0.00014940715663086808,-127.74666895148964,-333.6199201007585,119.02384537051827,742.0,-0.00026211364174160947,15.769680559155455,0
2025-02-13,0.21942558411448637,54.1642869757944,56.02854696077102,0,25.72504691373331,-1.90557861328125,2.1726751695408404,22.86663818359375,0.00013175909747605892,0.00015027097298830558,0.2444922547332186,0.00014380625769222483,435.0824032415279,19.979155682899048,-38.69656870923221,-2672.0,0.00016648967497429908,15.527997061191627,0
2025-02-14,-0.20418399438518506,44.77620440617244,52.27776610923816,0,22.86667995855055,-10.48052978515625,4.064685880250473,16.19720458984375,-9.310973868136065e-05,-0.0002840330606550691,-0.19624664879356568,-0.00015895982060944763,-687.3469412644772,320.40569523614295,-17.734207694781006,4370.0,-7.782261110465321e-05,15.30357668904624,0
2025-02-17,-0.14604793336559518,39.85079013774423,48.13544078540685,0,22.86667995855055,-6.66949462890625,4.438351330503854,14.29156494140625,-9.239772748224005e-05,0.00019952794880214952,0.04879710105440972,0.0003270685584393446,310.0159518674934,106.4374814860854,91.72835811587755,-2295.0,-5.932455405447708e-05,15.027130724497885,0
2025-02-18,-0.16851700761409233,42.728813929132734,46.33323183331548,0,22.86667995855055,-3.81109619140625,3.5265722992482798,13.3388671875,-0.0001829263846207385,0.00017790760535790786,0.2867377093221098,0.00023458152085316768,190.81409049620265,97.28357247198652,-36.4981911032076,-5277.0,-0.00012627342940609674,14.3620976049391,0
2025-02-19,-0.16877709400849772,43.300663674114205,45.32237578024839,0,18.102744048010095,4.76385498046875,2.5742599332559397,13.3388671875,-0.000149011900399379,0.00024577202018540256,0.8873288466001392,0.00020076155964259785,547.574899760653,-162.60359831539932,62.321237445701776,-75.0,-0.000309539530089999,14.220955707967827,0
2025-02-20,-0.15537732852313427,44.144862527830675,44.92987136277582,0,18.102744048010095,4.763916015625,2.5742599332559397,13.3388671875,8.314418521267235e-05,0.00018182952211375406,0.5481244281793229,9.485469547650345e-05,271.7482210484919,-183.1343180577329,53.14852620217588,1358.0,5.5772883843345694e-05,13.885728739138356,0
2025-02-21,0.3372340806441976,59.98539309463483,49.948378606728824,0,20.008292953650653,14.2916259765625,6.137835213082273,17.14996337890625,-0.00017710264019190288,-0.00021548238855906954,-0.5091157702825889,-0.0001662013442372844,-383.8413645289333,53.60832972681983,34.17658589610795,3185.0,-0.00021108759737596295,13.71055763050764,0
2025-02-24,0.3198941282094327,73.32355658078149,57.74010459807971,0,20.961093798739512,14.29168701171875,7.459702090011701,17.1500244140625,0.00012631503895849902,0.0004929251185127421,-0.6442376521116678,0.0003164085960489241,917.9429009986948,-235.27578445628157,-93.43963827064898,2657.0,0.00013205345997215501,13.275676547654637,0
2025-02-25,-0.1892197359696884,69.39516872059176,61.625125972250395,0,19.055544447941998,4.76385498046875,6.2695391423981,23.8194580078125,3.5017882967219096e-05,4.9047919452318434e-05,-0.23799324491309004,0.00021237372845887896,104.882256183818,206.2724444725021,142.9774224521937,-2953.0,4.0210233974335975e-05,13.144080583014285,0
2025-02-26,-0.16033903206917294,69.34038170534049,64.19687788328042,0,19.055521588221154,-3.81109619140625,4.876880392551936,23.81951904296875,-7.702405815600054e-06,7.262468290760956e-05,0.36136237769983387,0.00012117071609232111,183.6172762940409,-119.32924977327244,242.0683796583114,-3619.0,-9.106977362218146e-06,13.021884365374685,0
2025-02-27,-0.8626459899673176,51.782427710740464,60.05872782576711,0,19.055548531668478,-17.1500244140625,6.683048598182895,33.3472900390625,-0.00015496988314495463,-0.00015767649555760164,0.25443075998798437,-0.00012878729521766628,-359.96077544391767,45.06854385370124,20.882813826739472,4031.0,-0.00013992851770230121,13.248694197319816,0
2025-03-03,-0.6322839961368094,47.02163744278154,55.71303103143859,0,22.866632845963295,-4.76385498046875,6.531920944425943,27.63067626953125,-9.390131600654088e-05,-3.288259135259894e-05,-0.27503410641200543,-0.00023813980587406006,-65.96935071490617,-327.15338375084843,-84.63548733703752,2612.0,-8.252007869097004e-05,12.982914479250926,0
2025-03-04,-1.0962227864720813,38.49062782228985,49.97222996172235,0,26.677733118019432,-13.3388671875,5.795513329303466,32.39453125,0.000115614464432404,-8.008175337132661e-05,-0.2888298309542727,-8.14976267649918e-05,-330.88162841614053,-28.760373688701332,22.91027083250226,-3129.0,0.00023810859831297637,12.940284916588428,0
2025-03-05,-0.6932829394783704,41.13662180127221,47.027027241572306,0,23.81940659895747,4.763916015625,5.174905930680301,31.44171142578125,0.0001482222411280053,4.070031929529494e-05,0.10128303169343189,1.1861831532183893e-05,96.2323640459462,-187.1721094260406,118.98601405859992,-675.0,8.481987595041926e-05,12.96875587217487,0
2025-03-06,-0.5766365331451823,45.28160296423829,46.44521914912763,0,23.81940659895747,1.90557861328125,3.628077524168318,31.44171142578125,-0.00023842684566018876,0.0007525014415507259,0.018896425924870317,0.000472904085346443,1227.025088085406,-414.3912834683621,-41.51876757156072,3583.0,-0.0001644288127324945,12.654916217112497,0
2025-03-07,-0.7385822832701335,45.663938562571175,46.18479228694215,0,20.008323117460122,6.66943359375,3.300519332521209,21.9139404296875,8.429811033474702e-05,-0.00035097836972084866,-0.15157091440478446,-0.0002577740977320929,-623.1406857588138,158.36841786726347,7.110081588181036,-1041.0,9.178622080566475e-05,12.499604770089517,0
2025-03-10,-0.8531936992366428,43.53784378448192,45.302476119455406,0,20.008323117460122,-1.90557861328125,3.2729014372372927,19.05560302734375,0.00027825268849777457,-0.0004493147642196504,0.045158632056036256,-0.00019644631777654303,-768.1368387260446,378.2319078183147,54.06541364121413,-3090.0,0.0002679301072500348,12.355386965197154,0
2025-03-11,-0.4319234891346703,53.716580743617996,48.107177660842936,0,21.913922606164988,2.8582763671875,2.5208089536035914,19.05560302734375,-0.0001489824820105741,0.00021954958592390605,0.6199867417964866,0.00030394622690304245,1082.702196496165,275.89471786878926,140.30478522059246,-2104.0,-0.0004297577294464503,12.97008150898768,0
2025-03-12,-0.7477883950848047,53.09506827033685,49.769807864007575,0,21.913941940614563,-0.9527587890625,2.643843435765697,18.102783203125,0.00018931675565419522,3.789889103892449e-05,0.22214311142755427,0.00018249457410544887,74.40579370888032,186.33813798076096,97.54237330893744,3114.0,7.536902712375164e-05,12.724202721758104,0
2025-03-13,-1.5844757054234213,35.396712180224576,44.97877596941324,0,23.819446439777494,-14.2916259765625,7.88562404685066,31.441650390625,-0.00014387831957317875,-0.0001252999756768869,0.053924766253533374,-8.246676745209925e-05,-201.44364319595,-32.82423358910914,101.68679695322622,-1506.0,-0.00011781963848746471,13.108386750131684,0
2025-03-14,-1.4783389874369315,28.195509231206167,39.38435372334422,0,27.630557833248588,-20.9610595703125,9.565794063591376,29.53607177734375,0.00017925676670879246,0.0003833313773566843,-0.30904008061632476,0.0004710529841113788,823.9428124376459,211.17804570956525,-22.626855667642523,1561.0,0.00023966006794625316,12.852629016813555,0
2025-03-17,-1.5556585106041698,19.946429927077997,32.905045791255475,0,27.630592143815136,-18.102813720703125,10.694894786893277,30.488861083984375,-0.00019690699587647512,-0.00011422295546364315,0.12335860295113035,0.0001339562552936056,-163.3693238421185,294.7706397147456,60.1918955173923,-1270.0,-0.0001310254213198487,12.61513964712387,0
2025-03-18,-0.8208668798324505,28.240111726979507,31.35006776983015,0,27.630592143815136,8.574951171875,7.520309746750425,35.25274658203125,-0.0005809061138487763,0.0009379197965833418,-0.13005471557613235,0.0009561395329315852,1295.6058281281616,77.36436593425867,-52.19633271251293,1048.0,-0.0005610428334935081,12.530723893171942,0
2025-03-19,-1.1085179521756288,26.87275414984348,29.857629896501262,0,21.913924823025866,2.85833740234375,4.334867201696617,35.25274658203125,-0.0005528173436912008,0.00046993345694663484,-0.28298733286418015,0.0004061768857033704,606.7555228035615,-186.8720344624045,104.55260998852114,3439.0,-0.0005167159192575882,12.316227797586539,0
2025-03-20,-0.3171045657316153,40.90368810803212,33.53964930034488,0,20.96114720237364,18.102813720703125,7.224798121393589,32.3944091796875,7.724893248057979e-05,-5.775920590840518e-05,-0.3684508346408087,-4.671798553407736e-06,-92.74684488742162,-49.87685971827422,135.12196407856135,288.0,9.607116228816669e-05,12.457330390329803,0
2025-03-21,0.05782437282798525,57.154122857228245,41.411140485972666,0,26.67776078146511,12.3861083984375,9.494366521139183,38.11102294921875,9.654591738524406e-05,0.0006276689231275491,0.2825903411009794,0.0008233451943009203,1494.384927959302,390.53929766958726,75.33635687726226,-7074.0,0.00014314884064190622,12.452243276466765,0
2025-03-24,-0.1232279271697888,60.32497005801185,47.71575034331906,0,28.583345368831203,14.2916259765625,7.212205889374069,39.063751220703125,-0.00019474357527393097,-9.037622464743648e-05,0.05336426914153132,-8.025073361627648e-05,-163.42895380200304,35.05116636996672,-16.741058679481547,6165.0,-0.0001479129136506365,12.311408441175535,0
2025-03-25,0.3405831580283286,68.49947589361798,54.64365886008537,0,26.677745465603493,7.6221923828125,7.845226083926298,33.34710693359375,0.00018535846358806772,0.0002852491368378544,0.3034632853898562,1.323265610466331e-05,645.2572232055842,-614.9511439822193,-0.3727128041598249,-2298.0,0.0002318708487050878,12.180633822380548,0
2025-03-26,0.2955293742762393,72.93906577074225,60.74212783030433,0,21.91385984394435,0.95281982421875,3.2728916648417385,28.583251953125,-0.0004990023716435884,0.00025919466134124476,-0.5063709296838131,0.00022974107310228564,379.5755482438951,-243.78469273403869,200.65162106620096,2571.0,-0.0003230473997348815,11.923088581992486,0
2025-03-27,-0.7390328902712687,59.73717793993548,60.40714453351471,0,20.961093563201985,-10.48052978515625,6.648989425141816,31.44158935546875,3.511487606572477e-05,0.0005144745198007427,0.16846652267818574,0.0004882743385153042,981.0447736392788,-34.889740628496284,-15.07104446234962,-2301.0,4.572396904509821e-05,12.16032838333454,0
2025-03-28,-0.49644600279259965,52.04704766706869,57.62044557803271,0,26.67775667319711,-13.3388671875,7.2748747526672135,28.58331298828125,-0.00026388512013561456,0.0005934875542893104,0.3887585624472178,0.0007929848830778911,1136.9067180361117,257.16504768351365,124.99941674505682,-4413.0,-0.0002650959914673645,12.040344654649752,0
2025-03-31,-2.0570346993203157,34.698031778045795,49.97964097803707,0,41.922214168670735,-36.20556640625,15.055697912013652,48.5916748046875,-7.489221352323945e-05,7.266599264843983e-05,0.15472157352892807,8.89973197359953e-05,219.20248943946,-4.624470481382382,53.889159821852175,5146.0,-0.0001179336449969799,12.881709894161377,0
2025-04-01,-1.7598331439609463,26.030572003086643,41.99661798638693,0,42.87501864191171,-19.055572509765625,15.386704907670175,44.780548095703125,3.754585829570846e-05,-7.650373099407824e-05,0.00424901185770751,-1.3895490402663425e-06,-252.05072220771007,260.88633099465204,-13.413644845984273,-776.0,4.10065370997472e-05,12.642143328259861,0
2025-04-02,-1.3052341897173416,23.875451356003513,35.956229109592456,0,33.34723980144935,-17.150024414062443,11.01685585574731,48.59167480468756,-0.00014020693591712088,0.00020210420186140676,-0.1721311475409836,0.00013005009146259346,475.9832857634698,-55.23247070949783,-114.46490274694251,-2522.0,-0.00010022602990389673,12.896077303736138,0
2025-04-07,-4.068056468610895,15.91696757066901,29.27647526328464,0,69.55280298386174,-43.827789306640625,25.050997268777877,83.84445190429699,-0.00011993955061214146,-0.0002685697264268038,0.811898374625217,-0.0006607072656157651,-206.62922185126365,-342.85850444712264,41.16003805885069,-3562.0,-3.918147136809506e-05,15.58187341778289,0
2025-04-08,-4.462015615648224,14.300879642817424,24.28461005646224,0,100.99443103311859,-70.98193359375,33.77727971496895,106.23471069335949,0.00012517706379060788,0.0002922231712948746,-0.2986145648312611,0.00028823795623165484,1408.0323485159738,-48.31223171961692,29.110086660612232,8886.0,0.0007839494502731724,17.259159219787474,1
2025-04-09,-4.057763306397461,11.406578643260733,19.991932918728406,1,104.32916693581103,-85.75,39.580432705365226,92.41943359375006,-3.640887610582863e-05,5.4468853394095795e-05,0.020278244697972174,0.00011622568041433263,281.92119864964246,118.989000309257,200.65346714593332,-5513.0,-3.9110087727526086e-05,17.795806605728224,1
2025-04-10,-1.7865139172332414,21.50452364516697,20.49612982754126,0,104.32916693581103,6.669464111328125,33.43829073285177,132.43612670898438,0.0009516692352820864,-3.527172130087609e-05,-0.6549343024881185,3.156855165212873e-05,-19.192930787265222,102.39006986826264,-66.01926954224983,4436.0,0.00010005093991460508,19.519123363243164,1
2025-04-11,-0.46177720947032386,36.60584615979285,25.866035271625123,0,76.6986058066692,57.64303588867193,26.843147906594545,153.397216796875,-0.00012736778133421844,8.516006643815757e-05,0.9492860297364933,9.843660669151891e-05,310.80818351894504,-201.0215498513271,249.47685915477845,-7521.0,-0.0008542822727927466,21.595733608871146,0
2025-04-14,-0.8537966836444573,44.95184912954213,32.227973224264126,0,80.50974360518012,57.16668701171869,29.386669708571212,113.38052368164062,9.30156076078229e-05,-0.00015505293720598362,-0.23383894940445893,-0.00014545782614641567,-608.2757737178179,-20.239240360753055,57.88105294965933,5382.0,9.998155707235769e-05,21.21012571856115,0
2025-04-15,-0.5820336221237333,51.73350235154108,38.72981626668978,0,80.50974360518012,19.055541992187557,27.153332095046895,91.94302368164068,0.00037905912767117566,-0.00017686458496037118,0.3596944592232272,0.00012088252388960502,-382.9684231063909,586.9348476128147,57.78292212221578,-1016.0,0.00020922256586225667,20.409700090162488,0
2025-04-16,-0.7118024310805909,54.732535571625604,44.06405603500173,0,52.402804600545835,-11.433319091796932,9.446436163459094,86.70272827148455,-0.0005176088607285048,0.0004193690494223635,-0.7833375452784096,0.00031183858560569576,920.2483447666552,-196.65376525937532,-39.307213443223006,4933.0,-0.0005245516829215287,19.836586620684354,0
2025-04-17,-0.2194445304838361,66.271395364954,51.46650247831916,0,52.402804600545835,7.622222900390625,4.886175511107588,53.35549926757835,-0.00014945150323279437,-9.721639286594999e-05,0.00607748797163839,1.976948995061937e-05,-194.13656738283743,182.14467889274977,51.47063075544686,-3989.0,-0.00013600643636845958,19.78079876565239,0
2025-04-18,-0.27886630209425206,72.78053523747023,58.571180064702844,0,20.961123687316046,0.9527893066405682,3.5265673522219765,30.488861083984546,0.00020975406989872273,-0.00023113810556974328,-0.17741892786234284,-0.0003941912620299403,-428.1465896091638,-369.3351397139591,67.30509282332127,1290.0,0.00019456445073583103,19.286634613428923,0
2025-04-21,-0.09536785326495287,77.90891315612208,65.01709109517591,0,19.05556827075833,7.622222900390625,3.341524299082448,21.913879394531364,-1.3526668557314603e-06,0.000463705287938381,0.3532074801751686,0.0007626232863838065,521.9916515163717,222.7583649139324,113.7327291820877,-1280.0,-8.220370987287641e-07,18.589573433812877,0
2025-04-22,-0.46335807432424275,72.54533204956586,67.52650474663923,0,19.05556827075833,-11.433349609375,4.9964139912244985,28.583343505859432,0.00021197736369414055,0.0006765379782730804,0.4627049180327869,0.0005234059691838503,911.4224927977982,-128.46507803768935,-77.8322207591943,-4526.0,0.00025368543816466993,18.214524560990547,1
2025-04-23,0.541684697807626,81.09080860110565,72.0479393647947,0,20.96108197930141,10.48052978515625,6.824173167866274,42.875,-0.00010468139585732038,0.0003272045758843778,0.7728717464135383,0.00047806311774312724,631.37198639904,130.41765164058802,160.67808557880386,-192.0,-0.00014993667790335577,18.3426527899214,0
2025-04-24,0.19793817812283873,70.00255945890439,71.36614606283126,0,20.961104442008377,-0.952789306640625,6.770753227677967,43.8277587890625,0.0001113311608116276,0.0006197074919944293,0.02874983738779758,0.0005014859265615839,797.6286114834899,-208.30512035364023,56.141552377197954,4497.0,7.426168081806326e-05,17.8491299796352,1
2025-04-25,1.1485646009650905,73.69539894748058,72.14256369104771,0,34.29999877929697,27.63055419921875,10.458877075657405,59.07220458984375,9.087572864773074e-06,-0.00010418771275288161,-0.45351148409893993,-2.6688406963207e-05,-254.0770531416765,108.17056003534142,80.8228895307312,-198.0,1.721800653712033e-05,18.343636965604343,0
2025-04-28,1.1250763102006018,75.25638000583754,73.18050246264431,0,34.29999877929697,7.622222900390682,11.777502197086232,58.11944580078119,0.000647306558742874,-0.0006181498091325526,-0.15329537913450456,-0.000744815218807318,-653.0864000451063,-131.7300591482876,-2.0942261504760538,-2836.0,0.0002804387149226205,17.8500438467949,0
2025-04-29,0.945158392269381,71.79252822594067,72.7178443837431,0,25.72501229929378,12.3861083984375,7.287349120504101,52.40277099609375,0.00011309385695109888,0.0005479226632646947,-0.33458494957331264,0.00046538391201784236,1100.8001911732922,-93.00963659332508,-72.81426382790505,6628.0,0.00021505589270661414,17.25559627323657,0
2025-04-30,1.1462256486776357,73.78759981050413,73.07442952599678,0,24.77222778320322,-0.9527893066405682,7.580422871052139,38.11111450195318,0.00015884678927056774,3.777377264999548e-06,-0.02300301779885447,0.00010167902867208963,6.3920966947185605,138.39720127900614,27.272462740328734,-3543.0,0.00013379570822406541,16.635553680627105,0
2025-05-02,0.31859162804728963,57.52507869991574,67.89131258396976,0,30.488875696163518,-18.102752685546932,7.9885654653174525,46.686096191406364,-2.967339002222418e-05,1.3865013028012422e-05,0.11600831600831601,1.4607967514508537e-05,49.500190126971575,-36.07709527940324,38.72955498232183,-4294.0,-6.260381163111661e-05,17.3528554958557,0
2025-05-05,0.13992028975499127,44.183386767480116,59.98867064513988,0,37.15831657981215,-19.0555419921875,10.975559668811146,34.299987792968864,-4.651228846706085e-05,0.0003224468961512512,0.6892306482064192,0.00032488355132113966,996.9164851094348,126.07628964326224,-118.54282681144906,1996.0,-4.027928007421725e-05,17.202254742192917,0
2025-05-06,0.1331338726967848,35.705583897192305,51.89430839582403,0,34.30000943786945,-23.343048095703182,10.97556291408168,33.823577880859546,-4.8825907455881015e-05,0.00022411803870175988,0.5857270462131541,0.000270794540940615,533.738005640396,11.831736271329852,99.32854051651252,-1855.0,-3.7609803307026684e-05,16.654077824891303,0
2025-05-07,0.17551610128651415,32.970377626544376,45.58633147273081,0,34.30000943786945,-1.90557861328125,9.823314157654401,32.394409179687614,0.00013570368020075646,0.00021619949031071435,-0.5141020646669264,0.0002998203238559465,473.5326632489646,63.498736249455,119.65246338965808,4258.0,0.00012480603483729124,16.315195283047302,0
2025-05-08,0.30599142394358814,36.14691456252843,42.43985916933002,0,34.30000943786945,9.52777099609375,3.9341769111368463,33.34719848632818,-7.918473441161001e-05,0.0010742657389390868,-0.4526148655353776,0.001135934433896326,1499.0014069406504,139.0172942706803,-52.96646238211267,2158.0,-5.044713472574075e-05,15.694269219607088,0
2025-05-09,0.4385418474827855,42.04667718787567,42.30879850884524,0,23.81945366980466,12.862518310546875,5.830662339195205,19.055572509765625,0.00012041679846395867,-9.151504216677072e-05,-0.39425369918115216,-0.00014179973799692826,-186.1109382280858,-20.003690918228173,-82.25853502720913,-1842.0,0.0001754996179861632,15.185750020229223,0
2025-05-12,0.3162006930727099,44.69778503200647,43.105127349898986,0,19.055574087013724,6.669464111328182,5.244615095365795,16.197235107421818,0.0009407761870692063,0.0006257264008883847,-0.21158468194199648,0.0004938291669134642,756.7040768487423,-149.2099572003548,-10.296137687430104,2325.0,0.0005594335346887121,14.645498057452873,0
2025-05-13,0.749875373239952,52.562750308094124,46.25766833596403,0,32.87084656368427,10.480560302734375,5.911835776631193,25.24862670898426,0.0001859856916094089,8.133378580701993e-05,0.2219927723283428,6.95012140451025e-05,234.2078749382507,-56.46245318595801,22.38950969862996,-3063.0,0.00044286202895331027,15.164668370941168,0
2025-05-14,0.7157579568555208,57.80606049215257,50.10713238802687,0,28.5833385235199,6.66943359375,5.068561949448432,21.91390991210926,-2.889675196216818e-05,0.00016562330684865203,0.10002667377967459,0.0002952265987092021,361.1553673179542,289.0278359666872,-6.41710099153342,-387.0,-2.188220821927038e-05,14.62592223236604,0
2025-05-15,0.5301718529544612,58.862572660320424,53.02561247879139,0,23.819434170788043,6.66943359375,4.207348369148302,19.055572509765454,0.00023950491451337925,0.0003818780252655412,-0.05798407254548626,0.00041166810452024306,1117.081055847519,73.23461681530993,13.908216722921676,4115.0,0.0003212934160644068,14.329824627022981,0
2025-05-16,0.5547594789373801,58.686169641753494,54.912464866445426,0,22.86666026395909,-1.905548095703125,3.9284009894292873,16.197235107421648,-4.9959704091550505e-05,0.00024236155311375076,-0.018974729241877257,0.00020546626869894004,504.70145377377423,-118.97969068209474,42.147769767591626,-3509.0,-3.5565643218063436e-05,13.918765751183361,0
2025-05-19,0.30354785352972374,53.1337933674387,54.319574366776514,0,19.055548637714196,-6.66943359375,2.7449222949276844,18.10278320312483,-0.0006615671150637961,0.000376454159477822,0.07969403184203504,0.0003861612093367218,522.9776474297798,130.31212167754373,-116.82689387256288,-1502.0,-0.0004413408301394364,13.332901551256782,0
2025-05-20,0.5611582168316619,53.20029567382544,53.946481469126155,0,13.338881814547108,1.9055480957030682,2.5742582389405815,14.291656494140511,-0.00018469429751379667,0.0003855787455960972,0.7611790506634948,0.0004031015987347883,843.5044023858813,143.66311698782766,-105.3295627303265,-1815.0,-0.0002908417352605793,13.26527206609517,0
2025-05-21,0.7718482659013997,58.133520628809805,55.34216118902071,0,13.33887774659621,6.66943359375,4.131141090075309,20.00833129882801,-0.000632472287005507,-1.4363290784008381e-05,-0.30223618678343417,-8.873097362022375e-05,-18.9716377257312,153.9998151595621,-252.2277740923145,6331.0,-0.0003818722529716734,12.794142104362768,0
2025-05-22,0.8880043610537638,65.14456785793001,58.60963007865714,0,17.149993502160726,14.291656494140625,5.660811203121716,20.008331298828068,-4.692624347854769e-05,-0.00018801396723037392,-0.03488717830123229,-0.00020741022872095943,-303.5258004034038,-145.56744007425712,114.25452284534718,-4164.0,-5.735488576275917e-05,12.764997058462216,0
2025-05-23,0.398584403646988,51.76304523862009,56.32743513197812,0,19.055552773494014,-0.9527587890625,5.660811203121716,28.58331298828125,4.854104199548048e-05,-0.00018974106351612928,-0.094083010656341,-0.00021861232892413934,-426.8855164126202,-86.478198857179,21.522702061744923,-1187.0,6.76478011636523e-05,12.94210048955851,0
2025-05-26,0.947670438243416,62.84200439483491,58.49895821959705,0,15.244445093810327,4.763885498046932,5.08644011121815,35.25274658203131,0.000309092670655704,-0.000322796087767659,0.5304285606688257,-0.0003098095549168832,-979.813953625601,-85.36584327740232,124.78511314651568,656.0,0.0004170172066792726,12.902386974408207,0
2025-05-27,0.5303146911808042,55.22800983470776,57.40864209130062,0,15.244445093810327,-6.66943359375,4.696714615979926,38.111083984375114,9.016213861972388e-05,0.0004906469222459775,0.3006836544437539,0.00045098264472241483,1433.724277964193,-22.129582413238357,-93.77379958113924,-1888.0,8.679713845642589e-05,12.72939771490277,0
2025-05-28,1.2950117341060257,68.91743852337987,61.244907568660366,0,21.9138869301986,20.008331298828125,7.839453609520688,49.54440307617199,-2.308907956526069e-06,-0.00011167673558779903,0.1598586017282011,-6.810496330169695e-05,-461.9250194330099,157.78383702874692,22.44073395331621,11.0,-3.2682768288778064e-06,13.11321014308769,0
2025-05-29,1.3093452594446675,74.22778978116129,65.57253497282734,0,27.63057700796071,10.480590820312443,9.84178830447489,48.59164428710949,0.00011091350917746552,1.4491260754271728e-05,-0.580273856876342,4.6969889829758194e-05,67.24782584853679,109.23696094620271,41.48265061166013,7372.0,0.00012443648867898694,13.129330131221911,0
2025-06-02,0.5159404440514133,58.68057530573338,63.27521508379602,0,26.67781358468153,3.81109619140625,8.262298720295641,54.308349609375114,-0.0004123666632099129,1.3906758530821703e-05,0.024808347529812605,5.0348883430938104e-05,33.912020066647585,125.04339143143252,-36.17824948300149,-7616.0,-0.00021669017404813418,13.620687531865658,1
2025-06-03,1.202277970830256,69.00539740115654,65.18527585624953,0,25.72501743913267,3.81109619140625,9.58477466689817,60.02502441406256,6.642243840097531e-05,0.00011723992540852716,-0.5508359169008779,0.00017379806768796213,384.4440186854604,320.8038284743046,-135.3427798466793,6581.0,8.931916264823818e-05,14.008892401405756,0
2025-06-04,0.9954817824830836,73.58980915726022,67.98678695658643,0,22.866698987309576,0.0,6.949408274953979,53.355560302734375,0.00015796299246015994,0.00022434911431586772,0.5579189718566372,0.00034877333007343774,689.4423275235781,187.778186498326,194.5871336135157,-4377.0,0.00014803737004706851,13.620754556063089,0
2025-06-05,1.0910551319273485,76.67891811546947,70.88416400954745,0,28.58333144638567,20.008331298828125,7.810455954006976,40.96942138671875,-0.0002294116272682752,0.00025703999226883733,0.0021664374140302613,0.0003221960387558869,716.2840930158472,21.63967500078252,159.9283341270051,-2225.0,-0.00020803022991603884,13.532565752406695,0
2025-06-06,0.8632387938347554,75.62907882186926,72.46580228032138,0,28.58333144638567,0.0,7.960114493676547,41.92218017578125,0.0003610737577640846,-8.052906081679035e-05,-0.06203273388563346,-0.00019068222946052018,-149.84646314136307,-186.77703521049992,-18.193227172536474,7216.0,0.0002411044250772481,13.382620586038799,0
2025-06-09,1.061235759811642,81.73250020480695,75.55470158848324,0,27.630559863866267,8.574951171875,3.341507331042598,33.347137451171875,0.00017075175905431565,6.324482618918413e-05,-0.3125980451309279,4.9364764054019316e-05,99.7269717281531,-92.90940169417404,71.02276451696075,-1537.0,0.00014469680845196603,13.107274662355623,0
2025-06-10,1.1432076616225497,85.91690541371065,79.00876953022572,0,21.913867804854476,8.57501220703125,5.3474460340952055,20.9610595703125,-7.40035645736431e-05,0.0002540585450164789,-0.42152617522752617,0.0002328702133001084,369.5479702929798,-2.341013535645388,-28.47906763568931,-260.0,-6.826561791329534e-05,12.783540781467352,0
2025-06-11,1.2977304347843195,89.79826211875738,82.60526705973626,0,25.72500549469612,18.102783203125,7.174363456132634,25.7249755859375,0.00036941828931222505,4.505628276717692e-05,0.2077684438160193,0.00016596764543466572,50.78532428987177,215.82596546722277,-79.54036030247475,-701.0,0.00028626236135370013,12.41487517974634,0
2025-06-12,0.9027020940552508,86.69478551594645,83.96843987847299,0,25.72500549469612,4.763916015625,6.703391061842864,27.63055419921875,0.0008070150963588009,0.0007606727021949851,-0.13510722795869737,0.0009222001550122018,1164.4073456119954,44.53361317878132,202.72615049570135,2662.0,0.0010959882366477294,12.276708727728183,0
2025-06-13,0.6056466919130038,80.29651101651324,82.74446359115308,0,20.008349527626137,-4.763916015625,4.696728854834821,29.5361328125,0.00011799441062423453,0.0003056476521906758,0.35038438793613247,0.0001655027221541843,494.5849709829508,-81.23919097768862,-145.53688814058015,-5911.0,0.00012473093595942382,12.012302895562941,0
2025-06-16,0.5248906538660508,71.92177498557615,79.13690072262744,0,19.055571762178715,-11.433349609375,4.696728854834821,22.86669921875,0.00016511417341729976,0.0004722053419311728,0.637863033345285,0.00039475116115194,640.9266716298905,-96.57857714544517,-8.550369697111488,-2681.0,0.00013849750589262088,11.766781252238939,1
2025-06-17,0.6974155447586896,73.87382141363733,77.38254095296406,0,19.055571762178715,1.90557861328125,4.830134387280594,24.77227783203125,-6.917545035906355e-05,0.000318846490137117,1.1379821958456973,0.00035326165925577216,597.7287612004477,36.08435821575477,28.432382724223388,922.0,-9.554260079357408e-05,11.606856033936642,1
2025-06-18,0.45671624526182114,70.23685539447791,75.00064576680201,0,17.150027260370166,2.85833740234375,2.936679020043766,21.91400146484375,-0.00016338519905203627,0.00045461345092402374,-0.2655968265416516,0.00066234898827938,904.084314491195,227.99751244342,185.12365786872863,3723.0,-0.0001733232611419649,11.45835373606952,1
2025-06-19,0.5092070814413158,56.546796618128226,68.84936271724408,0,44.78056369020544,5.7166748046875,3.116633776952429,18.1029052734375,9.138066449023154e-05,5.474187083095851e-05,-0.7957074721780604,0.00013950532909125552,308.61293522222417,368.20386115502345,109.65886542360184,3363.0,0.00025904913604955765,13.157955749902385,0
2025-06-20,0.22135060824361458,42.6624024530919,60.12037596252669,0,44.78056369020544,-6.66949462890625,3.116633776952429,19.0556640625,-8.870476039103894e-05,-0.0001563219400425696,0.12708441222164682,-0.0001937404792030607,-578.0991687735079,8.846280394066468,-147.22497745673186,-8313.0,-5.8188189724326736e-05,13.034769010435939,0
2025-06-23,-0.026755643215226638,32.363172516705355,50.86797481391958,0,48.59164127785175,-7.6221923828125,4.63837589422696,23.81951904296875,5.103293221386293e-05,0.00016529989561061653,0.4306526116309369,0.00018814216685996714,439.81277105158495,41.05136384748038,19.72497589658177,1314.0,3.671667712501777e-05,12.852322791531828,0
2025-06-24,0.1747110118316823,29.418595484819036,43.718181704219404,0,48.59164127785175,-4.76385498046875,3.8701921125453937,22.86669921875,-5.775066251120906e-05,-7.937581300106844e-05,0.131934712719479,-0.00015037709356714103,-190.81413627509744,-192.78834123147655,22.10601983643595,5932.0,-5.2177596907936245e-05,13.0231892508852,0
2025-06-25,0.4063524621486373,32.684284562646745,40.04021599036185,0,48.59164127785175,8.57501220703125,5.192412069599629,26.677734375,0.00016976329087201213,-5.859133238882505e-05,-0.4226833327431748,0.00015893450054610647,-117.17000904985412,437.8385138198933,-2.8338335299442186,-3267.0,0.00014122270166148386,12.977681541552588,0
2025-06-26,0.3941381305442668,35.514992701222155,38.53180822731529,0,25.72495946321692,14.2916259765625,6.0634277011767015,24.77215576171875,0.00011835392427271554,0.00024476114684072423,-0.01322005217513925,0.0001790177565115334,551.818411253056,-230.2005676312168,81.98091075303009,-2540.0,0.00013342993675490657,12.79931538066542,0
2025-06-27,0.4839575318917093,40.016543545929935,39.026720000186835,0,27.630561510411553,12.3861083984375,7.299787433608976,22.86663818359375,0.0004582669972715568,0.0006983725420908309,0.08393128941074146,0.0008194042776432128,942.9698428601814,284.3324623561101,-120.91069277559772,5035.0,0.00027445776530901487,12.701745283898665,0
2025-06-30,0.4958996124278379,44.978365571920804,41.01060185743149,0,17.150001485511666,7.62225341796875,5.771979627247473,20.96112060546875,-0.00012836044308291687,0.0001761864606286654,-0.36052035838408314,0.00013980790359189484,212.76294604163695,-23.067190602494136,-20.863591253667018,1274.0,-0.00011480056451292958,12.338922244971753,0
2025-07-01,0.20312363865937016,44.36467066354334,42.12862479280211,0,13.338939081424087,0.95281982421875,3.1166337769518075,20.96112060546875,-1.9849390298140608e-05,0.00021890442488238258,-0.04029569046870085,0.0002177730162878052,385.2998075593783,-69.8732987680638,67.88187482130752,-5882.0,-2.893130069177289e-05,12.206181807048564,0
2025-07-02,0.8017343967273469,61.28376348667253,48.51367102409225,0,23.819468774951133,13.3388671875,6.903532270551864,29.5361328125,-0.00013859861440885995,0.0004347262182425285,0.30801248699271594,0.0004048114614790811,1221.3289667811428,-172.00071437718535,87.95756851606411,1648.0,-0.00022122360299430137,12.695422815903104,0
2025-07-03,0.6243028864215043,68.12856663772527,55.051969561969926,0,25.7249747856863,7.6221923828125,6.9035196350470285,31.44171142578125,-6.81428266402321e-05,0.00019216188465058807,0.6005994754589734,0.0005084513299099125,344.451907693141,532.0097298814267,34.94194735091969,-575.0,-4.34775101481963e-05,12.673329133655468,0
2025-07-04,1.0372251999790634,77.7106981557307,62.604879093223516,0,23.81942298972524,20.00830078125,8.101398246733405,34.29998779296875,8.881092427969096e-05,0.0005418215157343461,0.03602123356926188,0.0005681152818452614,1761.0098685082369,94.29832465567888,-8.839220030029907,-1358.0,0.00016103140710725918,12.584757999068382,0
2025-07-07,0.04252034166138421,68.47380117795412,64.56118645480038,0,23.81942298972524,-8.57501220703125,7.827858931472176,43.8277587890625,0.00032563680843730985,0.0003670217436639078,-0.011708422510386503,0.0004093937961789396,539.3057873789264,54.25608742081268,8.005872637352745,2026.0,0.00014722149832429356,12.774735408036335,0
2025-07-08,-0.5579526607135037,53.98255643063254,61.03497644674444,0,24.77221968837182,-12.3861083984375,7.48400498357745,44.780517578125,-0.0002359682725318126,-0.0005596968635778394,-0.5067313058035714,-0.0003496696686449428,-856.4576554934906,227.3464719109085,94.04071223772372,4175.0,-0.0002457329243409861,12.951143215658488,0
2025-07-09,0.3060251357463445,58.21060676794416,60.093519887144346,0,24.77221968837182,-7.6221923828125,7.085231287684376,40.01666259765625,0.0003444441682491152,0.00041992907159846813,-0.4602574701783394,0.0003833617293920883,652.0049726627195,-80.16654512599263,23.390078412546,-1005.0,0.00034949484945784163,13.046894938833535,0
2025-07-10,0.4374101372700489,64.4481269321997,61.54505556882946,0,23.819430965545735,7.62225341796875,7.299795798297719,40.01666259765625,0.0004978366135917195,0.0002743827314996989,-0.05666280417149479,0.00025273935798165054,428.6950309296666,50.36919104620115,-84.18475454405286,-2518.0,0.0005009605671591406,12.727473905019192,0
2025-07-11,0.37166776733717577,69.88849957046877,64.32620356937589,0,22.86666816379136,15.24444580078125,6.2840076650234815,34.29998779296875,0.00022075087849953394,0.0007009011279819085,0.8104349105894473,0.000670613483690829,973.8516524496472,61.26725736242419,-103.34975839449034,-3819.0,0.00019631198427791794,12.158646410571611,0
2025-07-14,0.3883119920197558,76.07954851534409,68.24398521803195,0,23.81946905990185,5.7166748046875,6.817529815410186,23.8194580078125,0.0007792422081468144,0.00045318969960540654,-0.11435144222261547,0.00031706751155938614,603.908810761975,-52.42914646962664,-128.96374214361092,7414.0,0.0007473563986611996,11.69850502534817,0
2025-07-15,-0.44720086464336484,71.23256918690632,69.2401798743234,0,20.96111999460379,-3.81109619140625,2.74492123566193,23.8194580078125,-0.0002676128277029605,0.00010906795442542912,-0.37894248608534326,0.0005339411159505041,116.92640960973571,289.9276158371828,165.55808184893536,490.0,-0.00021529355934588734,11.339285637376873,0
2025-07-16,0.21046572589095777,77.11800979210028,71.86612318024902,0,13.338874408225365,2.85833740234375,2.9674003580390074,20.00830078125,-0.0002774824167573543,-0.00028399098044689145,-0.1316225165562914,-0.00022713991888543005,-534.5789417736195,6.269117700819173,100.7461835612445,-6420.0,-0.00048722248443003975,11.346003351956066,0
2025-07-17,0.3530337876186986,83.55486405919622,75.76237013989808,0,12.386115443750555,3.81109619140625,3.893577850817914,20.00830078125,-0.0006420119596035325,6.0663228138351735e-05,0.573335211466,-0.00014370696729870908,74.58604562838484,-260.6264106737659,9.351211681945284,503.0,-0.0004193415380805891,10.943907888370365,0
2025-07-18,0.24383773074548018,86.8143530856663,79.44636445515415,0,14.291651978075947,11.43328857421875,4.499275315757253,20.00830078125,0.0005439962509788094,-0.00019906167750819023,0.8930219805328338,-0.00022194915804420702,-310.31227252558006,-10.299472704174748,-25.37924851640837,-597.0,0.0006897236750775443,10.570533515391531,0
2025-07-21,-0.9303225201667518,78.86391631024283,79.25221507351705,0,14.291651978075947,-3.81109619140625,4.763873291006692,25.72491455078125,0.0002839754357868828,-9.859373984679442e-05,-0.14296283401514492,-5.708410673224995e-05,-148.31406988283362,99.83573434277946,-37.39300079673577,1189.0,0.00027403276605053573,10.564106558893402,0
2025-07-22,-0.49255243366003537,71.62353936256262,76.70932316986557,0,18.10275895725374,-1.90557861328125,2.967400358038702,23.8193359375,3.071423630044712e-05,0.00023528650433478443,-0.27490512333965844,0.00023555238141206056,553.1470426523658,-128.69864677752167,129.32371075822098,1726.0,4.8001000166039556e-05,10.76230287022572,0
2025-07-23,-1.3933386839845934,52.510919662206696,68.64318866731261,0,19.055555791440156,-9.52777099609375,4.1857160447125095,22.8665771484375,0.00011926879136035451,0.0005973484330589195,-0.5468563116211411,0.0006458166692978237,1201.9427026108438,-112.91895863408776,210.44335081747408,2724.0,0.0001020796746337589,11.354678078883895,0
2025-07-24,-1.7476470425920732,37.905829946326676,58.39740242698397,0,21.91389317968037,-4.763916015625,5.0145403981172825,22.8665771484375,-0.0005638096605395436,0.0005322023109388149,-0.46524458525660284,0.00041061646097066153,436.8029178937886,-59.25180762520812,-40.53929239275391,1228.0,-0.00022997744859884218,11.156129647726614,0
2025-07-25,-1.728231475334354,31.680808625713876,49.49187115989395,0,24.772226527240946,-9.52777099609375,3.9629137381004687,21.913818359375,0.0011753423203844727,-0.000459812351598998,0.3249281065536552,-7.946623363175512e-05,-517.5298372211106,294.2471320133921,133.84155206557094,-7530.0,0.001611797060002014,11.107874359154877,0
2025-07-28,-1.2932463153323968,32.658978573127044,43.88090696430498,0,24.772226527240946,0.9527587890625,3.9052234166005713,18.10272216796875,0.000212128690412057,0.0006015015592028861,0.46630058409989156,0.0005697612197244206,466.7616009320844,-47.431604529141225,22.801291535888925,1858.0,0.00014625240420249925,10.858899194406685,0
2025-07-29,-1.3848947097975668,33.31109187140249,40.35763526667081,0,24.772226527240946,3.81109619140625,1.9526072409698598,13.3388671875,0.00011890004258218534,0.0007055563393445789,0.6370690751812746,0.0009627141045389148,917.9788919873906,335.8234037102062,-1.2428929910466522,664.0,0.00019935385750720556,10.763819078081214,0
2025-07-30,-1.2760596493480818,35.027941706898446,38.58107074674669,0,13.338873886932333,4.763916015625,2.294595166482692,7.62225341796875,0.00047987272593847166,-0.00017195773421373233,-0.31970753144415825,-7.095032732698888e-05,-165.86974259162935,-72.99008762966714,170.4214282829923,291.0,0.00035577098555678054,10.607474891463465,0
2025-07-31,-1.5078486357260157,33.6083751190803,36.92350553752456,0,13.338873886932333,-0.9527587890625,1.8327077859547445,6.66949462890625,0.0002707772959443253,9.510054806510129e-05,0.0036413290851160674,0.00020164957612458934,119.5896999962494,115.00282725130836,18.98342792572231,-987.0,0.000353002309638809,10.530353677481802,0
2025-08-04,-4.068327881364408,32.5505144244208,35.46584183315664,0,54.3082949388525,-29.53607177734375,13.226110207190233,35.2528076171875,9.371525325277175e-05,9.233164857844066e-05,0.1403160485984277,9.692491218159891e-05,208.81291683751823,-39.24853484395024,49.63644392546358,-482.0,0.000168541283347355,13.249017512437742,0
2025-08-05,-2.448136288857436,38.60854994575966,36.51341120402431,0,54.3082949388525,-17.1500244140625,13.399992449322152,44.78057861328125,-9.135996788033105e-05,-8.384097567363106e-05,-0.20807005875180135,-7.827423379665143e-06,-270.938987849344,200.8166340580944,44.82739329114458,3346.0,-0.00013054623425701542,13.459602015117166,0
2025-08-06,-3.8158799833760866,33.34137807841325,35.456066828820624,0,53.35553631472504,-36.205535888671875,16.90475498570071,65.74166870117188,0.00011368610880518748,0.00019943608365874052,-0.06920077972709551,9.235962624791899e-05,588.9682603063154,-173.65483091305583,-142.55993666594517,-2225.0,0.00010389158578306164,13.995424170799165,0
2025-08-07,-3.3180129594925747,29.24512735559433,33.385753671078525,0,53.35553631472504,-8.57501220703125,15.765513913058198,65.74163818359375,0.0003831466934893862,4.690128175427264e-05,-0.2995613322502031,0.00013796214791584398,127.43111083533104,198.5718959154463,48.84111487160616,1952.0,0.00035250695125963605,13.812417706267548,0
2025-08-08,-2.7142966986376464,28.268683243073266,31.680063528410106,0,36.20553492853338,-19.0555419921875,9.04887552981153,66.69439697265625,0.0003014482056037698,0.00017622396306369797,0.43139076785847025,0.0001904651004055396,451.7194663442167,72.77388006193675,-36.26920244402328,-3596.0,0.0002843975091258465,13.506372022253656,0
2025-08-11,-2.744498215097795,24.10894109600946,29.156356050943224,0,28.5833279574602,-3.811126708984375,9.910716365302939,43.8277587890625,0.0006435237410208163,-0.00023864624066306559,0.12472901827191081,-0.0003822764689700328,-332.4953066812601,-77.99836335548981,-122.11531401456212,570.0,0.0003497773257555607,13.018020635151467,0
2025-08-12,-2.527942733222913,20.239290711754958,26.18400093788047,0,31.441676060657187,-4.763885498046875,3.0429306217931766,32.394439697265625,-4.584340793086142e-05,-1.84056666768934e-05,-0.40842055981005254,-2.2812423639203637e-05,-62.47498019404628,16.755703057969882,-31.71370804487624,7097.0,-0.00011168646552793785,12.904828714578574,0
2025-08-13,-2.0570930995714054,20.04046770754403,24.13615652776832,0,20.00833042109491,-3.811126708984375,2.889918846079754,15.24444580078125,-0.00012718764642091716,0.0002040623817115921,-0.17398563508064516,0.0003085154366908358,633.4288146966628,356.770988206435,-32.53888696369459,-5826.0,-0.00011631218675866618,12.66361079504854,0
2025-08-14,-1.4101797759827626,30.026967700815945,26.09976025211753,0,20.008319294186776,9.52777099609375,4.589182729844964,21.91387939453125,1.0148697325694961e-05,-6.481957717492609e-06,0.12481953012206327,4.8370741138447494e-05,-23.69989125506018,77.5689009761567,122.9882539130331,-2539.0,1.1954064519365691e-05,12.575733884079071,0
2025-08-15,-1.409042793552337,32.98092859674436,28.393483033659805,0,20.008319294186776,8.574981689453125,4.744789363081918,21.91387939453125,6.624307838631692e-05,0.0006404401980622966,0.1733712818020895,0.0005487789851664736,1236.1783107400431,-90.54560318252776,-86.37896161020318,6700.0,3.497058385048306e-05,12.289967468717025,0
2025-08-18,-1.236186978138732,36.12867641808045,30.971880828466688,0,20.008319294186776,4.763885498046875,4.539457781571319,16.19720458984375,0.00029666743652874097,-1.8238318153159258e-05,-0.20697343760098236,-0.00013281816740722118,-39.78171136876142,-190.93865656562252,-58.98474390492545,-2026.0,0.00033524786239126094,11.888501538411843,0
2025-08-19,-1.5236814049723106,33.60956384129016,31.851108499407843,0,18.10277853028657,-10.480560302734375,4.207353552298779,21.91387939453125,-0.00032097200793552354,0.00014400998723012185,-0.2243250515741322,0.0002277204731840112,334.81083545113154,151.08085468619942,43.53882605480125,-2173.0,-0.0003421175687586235,11.651822856277231,0
2025-08-20,-1.8442299998640301,23.68842729511472,29.13021476464347,0,24.772220229383834,-17.149993896484375,8.129376410191442,27.63055419921875,0.00027059079217989766,0.00023766692568485216,0.610817229839145,0.00023034176254242692,759.5544991238539,89.1690494021371,-112.57937713542476,-1459.0,0.00037196006378313644,11.704272028194172,0
2025-08-21,-1.4829568580995685,20.92049589512767,26.393641808138206,0,20.961105019288084,-14.291656494140625,7.925824541325289,22.866668701171875,8.862342652434707e-06,-0.0002747925039855622,0.41752070181192097,-0.00021438914798945592,-651.019439759819,189.0041390176447,-45.90067582323337,237.0,6.569728478529308e-06,11.480752896556579,0
2025-08-22,-1.4115124082567305,16.51111556268804,23.099466392988152,0,20.961105019288084,-8.574981689453125,7.2122137508739605,21.91387939453125,-7.065916579332043e-05,-0.000533482462164117,0.03937204086718166,-0.000775713585480903,-856.4852871884655,-242.44494793796844,-146.44767353332222,906.0,-4.788276164285977e-05,11.205143581940652,0
2025-08-25,-0.6699357972777906,27.674100299232933,24.624344361736412,0,19.055548774091335,11.433349609375,5.192421309240216,32.394439697265625,-0.00039681667630574386,-0.0006991224136859305,-0.38916398597607255,-0.0007699254875232021,-715.3937887420568,-184.4520905783,112.00114600053962,2446.0,-0.00025291937183779845,11.425609867622224,0
2025-08-26,-0.010943546613910107,47.93655378583749,32.39508083643677,0,23.8194233780647,18.102752685546875,8.902219854781654,34.299957275390625,-0.00017986005285139888,0.00023675882311136604,0.24438103428057698,0.00030332955359966223,957.5504620563092,279.37583985037986,-10.136312044018576,-5436.0,-0.0007108832394186549,11.630328181026192,0
2025-08-27,0.15393373158675344,61.58733500999112,42.12583222762155,0,25.72500971110685,20.96112060546875,9.79555285911572,25.725006103515625,0.00024089316296775973,-6.173883507924748e-05,-0.29661852765058117,1.6770984442147994e-06,-131.11488753546803,116.26832935586812,18.408215499775768,5797.0,0.00012649185233579193,11.412090485807491,0
2025-08-28,0.26152669817884205,66.86468000893848,50.37211482139386,0,29.536121021313306,10.480560302734375,9.222768718946245,22.866668701171875,5.046165170057398e-05,0.0006406231397162115,0.17632579995524725,0.0007396866057871342,1734.919571400951,156.68017024751236,111.601031979109,-1937.0,6.434941606411914e-05,11.1413856382793,0
2025-08-29,-0.23776493178119032,58.554956224616,53.09972862246791,0,20.961116374343817,-9.527740478515625,5.5800536983153695,31.441680908203125,-0.00021072446183895472,-5.357177598158904e-05,-0.028041526582184947,-0.0001288801677123019,-138.54855919443315,-142.53740642159065,-52.22688836538869,-3607.0,-0.00020123531524754752,11.502516873736491,0
2025-09-01,0.2566041997903462,61.61728544367474,55.93891422953685,0,20.00837537165404,-2.85833740234375,4.4178463246940645,28.583343505859375,-0.000271713366260048,0.0001541984173367069,0.3458733363550208,7.609146052059914e-05,310.7307819182222,-146.19743966578372,-11.198700864800411,2746.0,-0.00021171391099367997,11.429519694280293,0
2025-09-02,0.6079271885391295,69.03513809392885,60.30432218433418,0,17.15000509559559,1.905517578125,4.886174320967537,23.8194580078125,-3.56686870579338e-05,0.0005911823645176488,-0.31190695957171866,0.0006766176722527123,1125.265971540725,248.2517316384177,-85.63279993057415,3677.0,-3.3691199822277065e-05,11.29368097178958,0
2025-09-03,0.3168288225113816,68.60406917973435,63.070904516134235,0,17.15000509559559,7.622222900390625,4.716001720822619,27.6304931640625,0.0010142412842400945,0.0015234127310999738,-0.3372112076028183,0.0017098976564175635,1403.6557328954736,257.6755309530298,-85.85037209958124,-2993.0,0.0004909650663043163,11.031433942558731,0
2025-09-04,-0.2553988805423316,51.29159482922161,59.14446795383002,0,21.91391265397334,-9.527801513671875,5.934815903929772,37.158294677734375,-1.085356585256838e-05,0.0005234152845419655,-0.0798111582506619,0.00043609252775635534,1436.9021459818389,-167.66389740581076,-72.0582894005879,150.0,-3.233778098262773e-05,11.400418818129635,0
2025-09-05,0.2072107420479641,49.47218418555984,55.92037336440663,0,20.961135182241662,-7.6221923828125,5.244605947668189,33.347198486328125,-0.00026024758815456294,0.000369466995660707,0.5949313864148924,0.00027555522718817656,925.0197383558856,-205.87409917056905,-29.24903908336654,-2345.0,-0.00023734564720101392,11.198604598073434,0
2025-09-08,0.5606335619335552,56.59257869468898,56.144441807834085,0,20.961135182241662,2.85833740234375,5.59630378141407,31.441650390625,-6.761612237305802e-06,0.0002407757670492011,-0.0027496658392209277,0.0002436735320648297,814.4375154868775,28.28140585751116,-18.479553417306533,2219.0,-9.135238827545339e-06,11.079260420703463,0
2025-09-09,0.22265924381837826,54.39503292810377,55.56130551459064,0,20.961135182241662,7.622222900390625,4.599075470154319,31.44171142578125,-1.1164795429240205e-05,0.00017056985546374455,-0.24870411880078452,0.0001518379691679309,555.5161695207098,-109.86969067520124,48.86321508983798,2493.0,-1.074979538367886e-05,11.036495787478609,0
2025-09-10,-0.06264776662220423,51.08883420581169,54.070481744997664,0,25.075027325831343,-3.5472412109375,4.6940431540931105,31.1778564453125,-0.0002380994588537991,0.00012721146379359962,-0.5652075042637863,9.22802829796239e-05,667.0166456999826,-114.0353758092051,-69.12169480418996,1916.0,-0.0003833314106440431,11.605317516944423,0
2025-09-11,0.9331533703936389,59.773508518160185,55.971490669385176,0,35.0,5.736083984375,5.806265664968724,36.650054931640625,1.936167117920619e-05,-3.473853889170099e-05,-0.30352580480327035,-7.415479688524632e-05,-130.71142979712005,-200.2756492854785,51.963267591747645,-449.0,1.389422845142005e-05,12.41922340859125,0
2025-09-12,0.9593829533994055,66.51567234544012,59.486217894736825,0,35.0,11.5,6.824743667958235,30.9805908203125,-7.295401435631804e-06,-0.00013721710230007767,-0.1291655460746681,-0.00012551345480514954,-290.9193300533844,-43.68676965607335,68.5001291523228,294.0,-4.110659574371573e-06,12.246421736549019,0
2025-09-15,0.9064662122722458,71.01044823029342,63.32762800658902,0,35.0,16.0,7.529940238799607,25.263916015625,0.000297585979494346,0.0001314757035513681,0.5804785526699737,-6.472227447028614e-06,197.9753255534288,-180.9389485265732,-26.78221828322661,-6476.0,0.0002113555679164004,12.014534469652661,0
2025-09-16,1.8974159135606723,80.67363215352896,69.10962938890233,0,46.0,19.0,12.049896265109128,38.5,0.000360456541440433,3.44417453454697e-05,0.29213231291427844,-4.632499252635401e-05,97.88922648504294,-169.08018060184733,-60.472457241838114,3141.0,0.0006803573712424626,12.442067721820328,0
2025-09-17,1.5598387591299372,84.33797699124152,74.18574525634872,0,35.0,16.0,9.528903399651414,36.0,0.0004462227921876854,-4.8395445754458044e-05,0.6277637947725072,4.456926082009125e-05,-71.9368295963651,109.6783693132609,28.507903197999,-2069.0,0.00023337202965267314,12.267634313118876,0
2025-09-18,1.4456405143247828,87.475317994161,78.61560283561948,0,26.0,17.0,9.33809402393694,22.0,-2.169892027938892e-05,0.00038921620868277533,0.13372163572381993,0.000413576288992343,617.8324684740292,38.960353142524696,-0.2917463010444905,-2174.0,-2.3172406301113984e-05,11.8199461478961,0
2025-09-19,1.3305426541520478,90.26132310721844,82.49750959281913,0,25.0,0.0,7.758865896500932,22.0,-0.0001840432296850038,0.0003139438555852352,0.012428414767881077,0.00039068999088279644,773.1831251423064,146.97573630642637,42.03518292735454,4141.0,-0.00028554227503177265,11.404235708760664,0
2025-09-22,1.1459560194447733,90.17421540481229,85.05641153015019,0,18.0,1.0,0.8366600264645551,23.0,0.000674952227284552,0.00012316663719057146,-0.35816731642762617,7.312003505073475e-05,253.0441317751084,-279.80668706986125,176.9866436259967,1371.0,0.0005630485464857499,11.23250458670633,0
2025-09-23,0.8925250741833376,86.24226972933431,85.45169759654489,0,12.0,-3.0,1.5165750887720808,8.0,8.054949806641761e-05,0.0006752489173097369,-0.6887021217966383,0.0007242462696873158,1086.5180486331572,51.97612196595263,26.86370484277154,2819.0,6.308595775646274e-05,10.85875425908445,0
2025-09-24,1.147673696729846,80.9182699096463,83.94055503424536,0,18.0,2.0,2.167948338841057,12.0,3.8931896510466535e-05,-0.00017653023568865554,-0.2614076570911103,-2.32245522989781e-05,-485.01346848010303,465.1275084331676,-43.9230561280132,-726.0,6.647635670975786e-05,11.297414669149845,0
2025-09-25,0.7396150261764395,71.53810586569013,79.80640531139362,0,18.0,-3.0,2.6076809620588053,17.0,4.245751660521158e-05,4.046197877457184e-05,0.10877668586919689,-4.702199086396622e-06,83.80432443216912,-24.45449685711982,-69.08896119420587,-3484.0,3.200657491170944e-05,11.204742192781998,0
2025-09-26,0.5966703406344095,58.80318168823786,72.8053307703417,0,23.0,-1.0,2.8809720581575124,17.0,0.0001606307493030816,-0.00018568946951625975,0.06789465266300582,-6.485498226931939e-05,-230.09339236168296,214.9498013144596,-65.22016313215836,3361.0,9.61006323349497e-05,11.33297489329757,0
2025-09-30,1.1620719507170914,62.39052692259335,69.33372948775892,0,23.0,4.0,4.795831523300581,27.0,7.954451148251183e-06,-0.0002630312202349457,0.8231477392397323,-0.00023817702507616782,-919.921970243836,213.20136975488467,-126.27663071111208,-7954.0,2.245106973281961e-05,11.6663338294906,0
2025-10-01,-0.5153334150674487,41.59368461506224,60.08704786352669,0,35.0,-18.0,10.714476188777747,52.0,-5.339616824321694e-05,4.298180930224688e-05,-0.35477010633518047,0.00013910013547720722,150.39158849438044,223.03972160025512,113.27436083455788,8541.0,-5.3420168668814206e-05,12.833024270241271,1
2025-10-02,-0.23917132587480183,32.49102783861292,50.88837452188877,0,33.0,-12.0,11.148990985729917,51.0,-0.00012579987626717563,9.208632363375816e-05,0.18113962647694068,5.045611350180693e-06,126.95149497002988,83.33233741146458,-203.32788193557644,-2488.0,-4.956601967047801e-05,12.559236822366895,0
2025-10-03,-0.00043522538170871506,31.18449474955147,44.32041459777634,0,33.0,-18.0,10.931605554532585,50.0,6.867416634050143e-05,0.0009099821923647442,0.034017538787703576,0.001100530699916195,1108.0698459452788,163.21719654884282,68.81048177193057,-6406.0,6.065756251713736e-05,12.447862763626402,1
2025-10-07,0.7496712831121202,43.6468060235105,44.095878406354394,0,33.0,24.0,12.116104984684105,63.0,-0.00010189865913344466,0.0003432894518656237,1.2084084354722422,0.0004162787205418366,578.4870107328666,189.8027240026011,-66.80639066752308,-45.0,-0.00014101567121071941,12.773015423367372,0
2025-10-08,0.8393409498917068,54.81215639662605,47.667971069778275,0,30.0,22.0,11.819475453669138,55.0,-0.0001196544196735472,-0.0001934234649169577,-0.36363996356868494,-0.00012536620381575016,-414.51209459752295,177.08920566287154,-31.240521462411778,9512.0,-0.00015216810780574198,12.432085750269703,0
2025-10-09,1.068357029949663,63.370705890433634,52.90221600999673,0,41.0,23.0,11.819475453669016,33.0,8.559876567020709e-05,0.0007332473369233481,-0.5295441205243592,0.0005973294595761127,1312.455539800513,-173.4836347026792,-69.79876415443887,-4054.0,7.149465259030485e-05,12.544079625250438,0
2025-10-13,0.30966380047176306,60.13331612207771,55.31258271402372,0,31.0,-2.0,8.467585251999699,39.0,-9.45447716070248e-06,0.00032076692702425537,-0.5849106134985431,0.0002771240242446586,932.6202173152118,-291.4768965087974,164.5864659642031,1969.0,-1.535743384931167e-05,12.576645366303978,0
2025-10-14,0.09531103759558396,55.53603188626319,55.38706577143688,0,29.0,-8.0,5.338539126004621,37.0,0.00035270565858586985,0.000227379602302519,1.0275956861915838,0.00012840421293192577,549.2586220811695,-260.71670868296144,21.63156016857768,-7634.0,0.00029303707150592933,13.249742125853695,0
2025-10-15,-0.5536784495025611,43.5280862981592,51.43407261367766,0,37.0,-25.0,9.36482781474831,34.0,-0.0003868035412123674,2.0235090028047424e-05,-0.1769036879808968,5.0222077748581026e-05,64.10954069010086,-4.031998476532742,99.03785250428524,7443.0,-0.0005073207027467712,13.446189116864145,0
2025-10-16,-0.261471556007555,39.58782988982971,47.48532503906168,0,37.0,-9.0,9.513148795214178,36.0,0.0004413398247097259,-0.000256747041712347,0.12964052174514756,-3.8837363149470674e-05,-375.6635420340879,168.7853468845289,150.05268585960062,-1058.0,0.00020382112505546647,13.12860417994528,0
2025-10-17,-0.3377394590108987,32.69819289952612,42.55628099254982,0,37.0,-8.0,5.770615218491623,32.0,0.0005134461685529657,-1.6562858400621927e-05,-0.6896083133493205,-0.00011210345987133241,-23.32406564263181,-170.88225550231692,36.340547402240375,2242.0,0.0004941630657415595,12.762275309949189,0
2025-10-20,-0.4099878189017654,26.30329977085525,37.1386205853183,0,37.0,1.0,4.358898943527855,23.0,-0.0005466167973959703,0.000497921171589382,0.32850470052622244,0.0005768368459421187,853.2491718225116,234.7940917168808,-99.56237708552123,-4888.0,-0.0006651648478421795,12.707827073524246,0
2025-10-21,-0.024197034924026577,27.445443090480076,33.907561420372225,0,16.0,2.0,2.863564212635843,26.0,-7.54619838868304e-05,0.001407566933841286,-0.016669116566220783,0.001352016045287062,1330.7517835607655,-50.45503490157724,-2.0642750115772124,2835.0,-4.1633309683736967e-05,12.585839425415372,0
2025-10-22,0.16673693391650724,30.909574672932663,32.90823250455904,0,13.0,7.0,3.4928498392985468,18.0,-9.673758651311484e-05,0.0012706574860805715,0.3495814869522403,0.0011546724552826528,1125.9461169633134,-48.55104223881578,-54.22480135662025,-1497.0,-9.066848418534242e-05,12.043993752171417,0
2025-10-23,-0.226335091086382,26.91268942159475,30.90971814357094,0,13.0,2.0,3.6331804249015858,20.0,-0.0006411291913078172,-9.908565304469909e-05,-0.288545405998754,-0.0002557923732502938,-93.30965307176444,-117.22139917592008,-30.35041618872989,1904.0,-0.0006813531088686325,11.755137055587744,0
2025-10-27,-0.6530633216858747,19.6084596143965,27.14263196717946,0,19.0,-12.0,5.761944116345518,26.0,-0.00012311470080686492,-0.00020103911941798415,0.30558007257036385,-0.00033587742197062646,-471.7704599734067,-326.95727180325474,10.53762073507111,-3523.0,-0.0003067921803654827,12.272627265902903,0
2025-10-28,-1.0254756835620662,18.627861965153222,24.304375299837382,0,30.0,-23.0,9.37016542009212,32.0,-0.00015874642531534452,9.92084253759466e-05,0.3392642724593385,0.00013492897874646108,284.53174814672235,95.8628256869294,6.584435790773576,-1489.0,-0.00019401529098076178,12.538868175481268,0
2025-10-29,-0.9879774101849378,16.863019087879927,21.8239232291849,0,30.0,-17.0,10.329569206888156,27.0,0.000477833375616942,-0.0004215040362210726,-0.17243389691004493,-0.0001993890653326888,-861.0636193377111,392.5335425677138,61.21091610202864,6688.0,0.0003403516090235812,12.57180616294689,0
2025-10-30,-1.1175346504564228,14.272315755556315,19.306720737975372,1,33.0,-13.0,8.384509526495533,28.0,0.00029641141265613924,0.00020561567860680007,0.27041274113952446,0.00026470465731683436,393.9006285108688,37.467095293487326,75.73042937804868,-7610.0,0.00027796611993020025,12.173820008450685,0
2025-10-31,-0.8589287722013556,16.377622268410093,18.330354581453612,2,34.0,-2.0,4.847679857405584,24.0,0.00031952235530384183,4.8393805394090526e-05,-0.44941355964527513,-8.776597540880282e-05,111.4384482207988,-320.1263283389705,6.5854823733542425,5635.0,0.00038407504020543756,12.232832864989922,0
2025-11-03,-1.651742694417816,10.91841484560673,15.859708002837984,3,29.0,-16.0,6.964194138584764,31.0,0.00021213837080601104,-3.665264695162184e-05,1.1046794816038967,8.598737351209119e-05,-79.62190112094532,206.06856232328923,60.34689181079173,-6492.0,0.00020012490848806232,12.430487660347783,0
2025-11-04,-1.263301105655191,12.040847992309248,14.586754665995073,4,29.0,-6.0,6.723094525581181,29.0,-0.00016487844241630344,-0.00026862573236735826,-0.663765367290954,-0.0003786198203277293,-756.8218403600773,-274.95959802059787,-34.93598549354416,7390.0,-0.0002138369348810128,12.542595684608656,0
2025-11-05,-1.3832586683504606,12.471676439317278,13.881728590435808,5,24.0,-12.0,6.220932405990371,31.0,-7.606465496924874e-05,0.0002382163701268712,-0.2939972506491523,0.00021931090293708113,508.16006394183,-191.8068793978371,151.47798255965034,2310.0,-5.759248052089698e-05,12.360981707136611,0
2025-11-06,-1.1574885166871236,14.240376885470777,14.001278022114132,6,24.0,5.0,5.630275304094988,29.0,0.0002827240616437964,-9.81167469515175e-05,-0.678588313161876,-0.00012618412362692963,-119.62050379714684,2.332365537285824,-36.55112882176463,-131.0,0.00016158324638860028,11.906625870912567,0
2025-11-07,-0.9994522054710102,18.86858459031385,15.623713544847371,7,17.0,0.0,2.5495097567773644,27.0,-0.000314805402177351,-0.0003091914771866525,0.40201045436268595,-0.00017719465554116997,-501.95010142617286,74.56868770803959,139.7186484622428,-7178.0,-0.00041919174553565157,11.877581165847385,0
2025-11-10,-1.1231109212042225,17.7873897268759,16.34493893885688,8,17.0,-1.0,1.8165902124317226,16.0,0.00027742026969440815,-0.0009257632582923824,0.1313654168998321,-0.0010955213640589892,-1523.3573279689897,-151.73280023336568,-127.60670917717218,5744.0,0.00028119461724584896,11.814896796858287,0
2025-11-11,-1.07134365340956,17.413815373472822,16.70123108372886,9,16.0,-4.0,2.073644135309435,11.0,-1.0078577930602838e-05,9.172030540082389e-05,0.4883039984383642,7.997156777653022e-05,183.49105696961823,-5.463211313196105,-18.04072574108461,-3569.0,-1.225312384212086e-05,11.720975597082695,0
2025-11-12,-1.2151504874889496,13.532287172058806,15.644916446505508,10,18.0,-9.5,3.7483329627854327,12.5,-5.6638744049135565e-05,0.0008186052056097086,-0.06745325022261799,0.0009351962848321632,1263.3509580018465,193.0324801521369,-13.097817361360562,-1468.0,-4.369318626117756e-05,11.31233448300536,0
2025-11-13,-1.134151022250427,20.536676296524053,17.275503063178355,0,26.5,-6.0,4.147288270654049,11.0,0.00025397681271118963,0.0006673139663435111,-0.14681507470812413,0.0008169382294362712,1196.755528728722,220.4357769616037,47.8991794748474,6655.0,0.00029513436759207447,11.432882019933547,0
2025-11-14,-0.5772835425409182,33.69111753101603,22.74737455245758,0,26.5,2.0,3.2326459750342207,17.0,0.0001185930800662156,-2.7338063810047027e-05,-0.24819664854067253,0.0001223053505710103,-74.2577539517631,300.29128436285293,106.18168032188235,-2205.0,0.00017962144123706358,11.687676161366866,0
2025-11-17,-0.8383263687731144,36.29722300809874,27.263990704337964,0,23.5,1.0,3.0536862969049947,18.5,-4.127549254297142e-05,-8.2736158888696e-05,-0.20372381691233515,8.493613720481953e-05,-161.32723621706833,431.8837304586987,-104.93952030595278,-1824.0,-2.962992467614311e-05,11.388556435554948,0
2025-11-18,-1.010547453439495,33.00318011860671,29.177053842427544,0,23.5,-2.5,3.5106979362950073,21.5,0.00026405141194657316,0.000186972410367657,0.7426202535729264,0.00023405095432608904,481.2645536450143,211.97786433222333,-90.79830420429076,-3644.0,0.00034856397850255093,11.253659547301023,0
2025-11-19,-1.1985158542447545,26.168786745737805,28.174298143530965,0,25.0,-14.5,5.322123636285303,22.0,-0.00020437410986508508,-0.0001851209935407461,0.21556761990386944,-0.0002377942790336266,-399.0312635129749,6.652697119151917,-120.19080677162378,3390.0,-0.0001711475869147547,11.41411243677952,1
2025-11-20,-0.5238851445025485,31.136334020968057,29.161643436009996,0,25.0,-1.0,5.333854141229084,29.5,0.00024411186439720367,0.00022802035376974942,0.5158453558113146,0.00045173612406894544,381.0751398916796,221.8627582245945,152.01841971984177,-3989.0,0.0001892668871268559,11.241675834152412,0
2025-11-21,-0.30281653143226656,38.090889347312036,32.13805873977734,0,20.0,4.5,3.930648801394893,24.0,0.00017140160037283923,0.00028512059557620503,0.04303859908743372,0.00036858607977933853,659.6481670308142,143.3432468010364,49.76049427971223,250.0,0.00023728027688789768,11.224413274570097,0
2025-11-24,0.4543187989137302,50.12510902724028,38.133742168931654,0,31.0,19.5,7.188532534523724,28.5,-9.356275785170386e-06,0.00015991337700202785,0.4063477246207701,0.00017064697124222466,936.1599343305844,151.2733955052509,-88.43712084571229,837.0,-2.3674700834117893e-05,11.994098040672233,0
2025-11-25,0.6793239655066281,61.37372859880535,45.88040431222288,0,31.0,14.5,9.120032894672276,27.5,0.00011945867167436396,6.353211018844192e-05,-0.2500320883070209,9.129322129039887e-05,139.90755411202832,85.44375701433708,-24.309487395607064,861.0,4.493661032352482e-05,11.851662466338501,0
2025-11-26,1.3287883374209164,73.34825149830266,55.03635337424947,0,32.0,23.0,10.052362906297267,32.5,-0.0002078734131114403,3.077054358217982e-05,-0.3706689665516724,3.305089956514996e-05,77.79574989382047,-132.41082043078129,138.17613956614946,1597.0,-0.00023865567509673543,12.005115147314322,0
2025-11-27,1.255802899174033,79.66806510143255,63.24692394997716,0,34.0,13.0,9.679876032258829,24.5,0.0002745929499727371,-0.00015966539164169737,-0.3600395974261673,-0.0002395158860170793,-326.78955205393663,-155.61928156438603,-7.811923031123808,1179.0,0.0002222931357385178,12.004749779649014,0
2025-11-28,1.2065805262619527,83.8812741701858,70.12504069004672,0,30.0,10.0,6.3874877690604475,23.0,5.854045196914126e-06,-0.00022964148974653905,-0.3430650534806242,-0.00021656880090487792,-296.128212423916,30.576359784971476,-13.71881377911729,1137.0,3.688316047180722e-06,11.575839081102655,0
2025-12-01,1.8299912512440941,89.25418278012387,76.5014213867391,0,30.0,12.0,7.797435475840399,25.0,-7.667320029665436e-05,3.0464038086820056e-05,0.2462842324963633,4.075245533744848e-05,64.11266485908394,79.78201516927439,-58.12967068230586,-4912.0,-0.00012513261502656778,11.606136289595323,0
2025-12-02,2.1689896638611654,92.83612185341592,81.94632154229804,0,34.0,21.0,9.581231653597134,31.0,0.00028070777072410145,0.0001889737292233765,-0.01594790978578843,0.0001132854874127376,420.4193040897069,-85.88818458634259,-82.49923138187629,3944.0,0.0002967421858872667,11.8485551260528,0
2025-12-03,1.724059219171783,91.5203775319069,85.13767353883432,0,32.0,17.0,9.669539802901179,25.0,-0.00014423163216220015,0.0004279106074362222,0.11808938437898454,0.0005840555042098835,748.1507757399496,134.66838972171507,138.33238104431567,-236.0,-0.0001133483965710213,11.573658331334743,0
2025-12-04,1.2925522552387874,87.01358502127127,85.76297736631331,0,26.0,0.0,7.89303490426141,30.0,-0.0004887260993205578,-0.0002280180423219273,0.07160072303675437,0.00030059414923252136,-281.90737040820693,466.1531808078378,187.39015887420604,-4421.0,-0.0003455943802762555,11.604111307667976,0
2025-12-05,1.1821636841561671,82.39930058328653,84.64175177197106,0,22.0,-9.0,4.0865633483267745,30.0,-0.0005684535485990531,0.0009181656863371386,0.5788675025956392,0.00060190214331738,1095.613141375713,-298.8661438556515,-78.51944027873478,-175.0,-0.00054864817449755,11.418103357120263,0
2025-12-08,1.0600844634751019,78.08101520367251,82.45483958253821,0,20.0,-5.0,4.0865633483267745,18.0,0.0004096590679129295,3.794213344805548e-05,0.16000673004122148,0.00037028348241387133,37.32583937445872,166.44889551275213,160.49423292181197,3328.0,0.0003377335722911209,11.17395311732596,0
2025-12-09,0.9901699953940452,74.97067680244834,79.96011865584158,0,20.0,1.0,2.1679483388421565,10.0,-0.0005946331209444982,0.00020603513478601528,-0.40449070199061105,0.00021491380980156585,187.1796233909383,36.80507582183796,-28.73894162901053,552.0,-0.0005491342640999166,10.875813608945535,0
2025-12-10,1.1322572081749778,76.90352812470914,78.9412551454641,0,17.0,6.0,2.607680962059645,11.0,0.0007029792852750663,-0.00017860575179499329,0.07165213503241673,-2.505178275967617e-05,-248.32700748869405,140.13111106693094,73.36479953688871,-4521.0,0.0010758550409167165,10.598969779735139,0
2025-12-11,0.6299530333836536,66.42053390132125,74.76768139741648,0,19.0,-1.0,2.7748873850822093,13.0,-0.0007530663627145827,-0.0010040281007240152,0.6194200944032366,-0.0009040862511609602,-1254.544156163765,-36.14294009205824,161.0213804814408,-624.0,-0.0006767757967998747,10.913329081182628,0
2025-12-12,0.3368821307704812,50.947022600880835,66.82746179857126,0,18.0,-6.0,3.9623225512177584,17.0,0.0010171001003394014,0.0007834797881944273,-0.37460167591171956,0.0008116689526999582,730.4272378166298,20.788022990566603,5.492340429636785,8319.0,0.0007588794209454893,10.990948432526725,0
2025-12-15,0.22237737314094105,43.686903956142785,59.11394251776177,0,23.0,-12.0,4.847679857404924,18.0,0.00013447693874217985,0.0004201694653185038,-0.6311080736851915,0.0004614635157192895,642.1063382554601,75.90009020161982,-12.794192026735908,-923.0,0.00022043528874327105,10.777309258774817,0
2025-12-16,-0.5585589278815067,33.165006677832565,50.464297237785374,0,33.0,-18.0,9.137833441242595,30.0,2.8040907492245723e-05,1.6942586068590293e-05,-0.4701228617085374,6.569126511270369e-05,31.20346572907198,-10.32677670705212,100.10809637881856,-1414.0,3.379346532985288e-05,11.221787168862331,0
2025-12-17,-0.6061025670857262,26.15040849229242,42.35966765595439,0,33.0,-14.0,8.42614977317007,25.0,-7.92142052237028e-05,0.00011032622795200613,-0.07112531969309463,-4.8186908925783186e-05,240.19443033492317,-254.1082634739797,-90.9952837036249,3264.0,-9.364058091655446e-05,11.063088085372163,0
2025-12-18,-1.0129194547962512,19.187991626440564,34.63577564611645,0,32.0,-20.0,9.137833441242874,25.0,0.0001541398670921755,0.0002621910213845354,0.24301907658280344,0.0003331580443130485,509.56353062245967,3.2169938711093664,134.70613778404305,-4780.0,0.00013759775244187892,11.058581793559865,0
2025-12-19,-1.5384755329669897,12.791994417627043,27.35451523661998,0,31.0,-17.0,10.986355173573243,31.0,2.5312955828049573e-05,-0.00022996294979290874,-0.2524244802876459,-0.0002920134588089848,-737.5275141319256,-233.2867256392388,34.28093924425832,4839.0,4.1771752343255976e-05,11.05439737973416,0
2025-12-22,-1.7093487534857412,8.52799627841803,21.079008917219333,0,31.0,-22.0,9.984988733088421,35.0,0.0003510851708326095,-6.326776039490054e-05,0.020728162765794707,1.3701792136149263e-05,-117.43160640777688,180.6386221160619,-37.775050815417686,-330.0,0.00020318641644978536,10.907654709753148,0
2025-12-23,-1.797235305493382,6.280568947516782,16.14619559398515,1,32.0,-19.0,10.737783756432476,26.0,9.877198085527364e-05,0.00042532892247622154,0.17956062366579298,0.0001967929448848577,676.5588077730963,-323.10902021562447,-40.41676033158545,-6724.0,8.464705624467357e-05,10.80710794477078,0
2025-12-24,-1.5130269475437357,6.520379298344522,12.937590162104943,2,29.0,-6.5,7.51997340420213,28.5,8.976369984017315e-05,-0.0002831904435844772,0.16515566199110504,-0.0002127817070510957,-552.5736539015496,255.730875891178,-118.3462511828366,5123.0,0.00011011124903873256,10.92802880585858,0
2025-12-26,-1.628665785827186,4.346919532229681,10.074033285479857,3,22.5,-6.5,4.3502873468208305,26.5,-5.547094306239671e-05,0.0002550488075993436,0.21120571271628674,0.00032441308438702706,376.13475929997753,135.9126000406959,-33.61721666239897,-706.0,-4.1925103219755154e-05,10.611741034011539,0
2025-12-29,-1.556586568378484,4.132514256054355,8.093526942338023,4,18.5,-4.0,3.3354160160181836,18.0,5.920860171769331e-05,-0.0005082132775306758,-0.22899343236463063,-0.00040037542678282947,-613.9490827740431,136.67772314677893,-6.403776199440117,-1709.0,4.850103212969893e-05,10.282330960153573,0
2025-12-30,-1.5330382107693943,3.6097103587370913,6.598921414471046,5,20.0,-9.5,3.650342449676687,16.0,0.0002581786464388753,0.0004879427122595442,0.23803583924062185,1.1049745960214493e-05,479.8579894601158,-382.8619735695679,-86.12935317114818,-193.0,0.00021017345619155238,9.940735891571174,0
2025-12-31,-0.9388557023693581,10.739806905824727,7.979216578255606,6,20.0,3.5,3.82426463518302,20.0,-0.0006479579555029634,0.00015327440630200559,-0.12155179963219197,0.00015304581400642922,178.61511062150987,-15.719887618311262,15.453502387099554,3290.0,-0.0007678059735032888,9.873540470744661,1
2026-01-02,-0.8648294293953691,16.088442699121245,10.682291951877485,7,17.0,3.5,3.1104662029849734,19.0,-0.00016602855607485595,-0.0002224189373700019,-0.14461547010446765,-0.00012177549431322102,-769.0790895433057,280.71268573197204,67.29170845254956,-1362.0,-0.0004926443185167935,9.846859008548615,1
2026-01-05,-0.4173415353080869,32.15419989465226,17.839594599469073,0,17.0,12.5,4.78278161741795,20.0,0.00019650713019560943,0.0003745063125810611,-0.06873710500597242,0.00035156170190789874,898.8436126743028,-53.72159580605893,-1.3472135999418846,-1084.0,0.0001363967635476821,9.822083365080857,1
2026-01-06,0.6584544860620344,51.91232373929198,29.19717097941004,0,35.0,23.0,11.73349905185612,37.0,6.655546820149285e-05,-8.64117089960474e-05,-0.04120592251465903,-0.00011488834846645993,-240.7549460788295,-165.61242999274285,86.27258265192667,2959.0,7.726118633908714e-05,10.656220267575081,0
2026-01-07,1.6326680360153192,67.941549159528,42.11196370611602,0,47.0,42.5,18.26677311404244,52.0,2.8130768311413907e-06,-0.00010051607079492774,-0.14457186544342507,-0.0001490080273721635,-286.1514622086286,-77.33401900114242,-60.713998297933614,16.0,2.874348587062244e-06,11.180775962748289,1
2026-01-08,1.5475366582239418,76.7046225166084,53.64284997628015,0,44.5,35.5,19.638609930438047,45.0,4.0750075380665436e-05,0.00011952301399934396,-0.2374627461103419,0.0001779831063571033,320.3415183385657,36.34447547213239,120.33827642199402,398.0,3.836450897463473e-05,10.882149108266267,1
2026-01-09,0.6054445062923103,70.36718424184149,59.21762806480059,0,43.5,-2.0,15.142654985170125,62.5,9.471618018844775e-05,0.00030760692152001685,0.7411547803693189,0.00027713184779595997,889.1824096572291,-120.2740900625622,32.181470577485804,-8856.0,0.0001021544384492735,11.676281314818677,1
2026-01-12,2.022879832727951,72.12513137490286,63.52012916816801,0,63.5,9.0,12.509996003192532,85.5,-3.895711872866868e-05,-9.390561567051761e-05,0.9464505697566986,1.4171174825232851e-05,-409.4930913870381,296.76344641785875,174.52571697547432,263.0,-5.8768835382650164e-05,14.270832649474485,1
2026-01-13,3.3471385537141813,76.52378788907897,67.85468207513833,0,85.0,47.0,24.32488437793461,104.0,-1.795471330510421e-05,1.4716840055193325e-05,0.05731884342265291,3.325125720058395e-05,237.007909908783,37.06649400192152,261.4217312238733,8106.0,-6.630888582286931e-05,17.037201745940592,0
2026-01-14,1.2660797952544107,65.2104359451914,66.97326669848935,0,85.0,22.0,24.20123963766912,130.0,2.235786334647324e-05,5.165667627282284e-05,-0.3180765993265993,4.170034889398614e-05,457.2899001983438,-61.11386958958565,-27.02435923032813,-5346.0,1.2289866840566355e-05,19.463115906944836,0
2026-01-15,0.39477963743497607,51.36412315830796,61.77021885176222,0,87.0,-26.0,26.504716561395046,148.0,-6.236981349419646e-05,9.869636831494434e-05,-0.042937149968886125,6.132844517139876e-05,615.8633643578864,-210.26870536711584,-22.9063876901458,-2346.0,-4.39635235497196e-05,20.144321913591632,0
2026-01-16,0.2216606219945352,39.200013729470264,54.24681714433157,0,87.0,-67.0,26.733873643748087,133.0,9.46539556871281e-05,9.519505027532703e-05,0.058363290336223304,0.0001394725490073404,305.8649331663351,146.8893210557876,-4.624212194871742,7140.0,4.873835779237048e-05,19.634013205477945,0
2026-01-19,0.4699531395806633,31.26154761451864,46.58506063439393,0,91.0,-17.0,27.703790354388172,110.0,-0.00020457776739009513,-5.5050355189855e-06,0.08111629927245086,5.4919581382928874e-05,-20.21670344999339,142.33325894227266,79.57022501755148,-5541.0,-0.00023382628447720134,19.731583690800953,0
2026-01-20,0.503224642265143,26.70183760381829,39.95731962420206,0,63.0,4.0,8.786353054589664,75.0,0.000257167266297328,-0.0001240917150274759,-0.4826570283076176,-0.0001056151677165439,-296.5541323892318,-108.44178123693835,152.596997047509,3698.0,0.00016735036596288256,19.036470570029454,0
2026-01-21,-0.19931622505478233,18.167525435512562,32.694054894638896,0,33.0,-7.0,5.932958789668077,46.0,0.0001251438680601815,9.365780180896451e-05,0.886060510681827,-7.102315979662259e-05,251.6863298278249,-397.26580566282905,-45.280848416980334,-5664.0,0.00014072266409400356,18.74815124359878,0
2026-01-22,0.22526609954141633,16.50728801927944,27.298465936185742,0,23.0,-2.0,5.932958789668077,38.0,0.00012600353735011825,-0.00024496331336272347,-0.26581325301204817,-0.00013981421361422555,-443.2834071913642,132.15243791517685,58.12442664780728,4437.0,8.484915033840243e-05,18.337569011913153,0
2026-01-23,-0.09360827840758752,13.202660877321824,22.59986424989777,0,23.0,-10.0,6.180614856136878,40.0,0.00019627471565846941,-0.0005153965022097925,-0.21175764847030593,-0.0005090747078790425,-1552.8102900967644,12.639321747799542,6.407271014423282,3345.0,0.00032678405892423034,17.956314082490785,1
2026-01-26,0.26996459153574376,17.267382383823012,20.822370294539517,0,23.0,15.0,6.572670690054367,44.0,0.0003664992222885222,0.00018150786485869724,-0.2121155811576698,0.00025971055549264946,461.9358824946007,117.2142335851338,81.81091025405885,-5499.0,0.0003095867569173096,17.959434505170016,0
2026-01-27,0.7285368485029478,40.8045175488113,27.483086045963443,0,31.0,17.0,10.709808588387494,55.0,0.00017783639717454147,0.00021742760710183293,0.3024342015546161,0.0003967857389736706,742.3609046517172,441.4349067279276,170.94576934076903,-803.0,0.00023858042425653576,17.7480463262293,0
2026-01-28,0.3786313969776373,50.73242346391342,35.232865185280104,0,34.0,18.0,9.208691546571444,45.0,-0.0003039103970384607,-0.00045108851650172994,0.053296321998612076,-0.00043604896344358036,-1217.759461325103,44.63363125818806,-4.032823743301488,5790.0,-0.00024029508789992138,17.69461444578435,0
2026-01-29,-0.3237217649695565,51.7703335913269,40.745354653962366,0,52.0,-6.0,9.539392014164038,48.0,-7.113179764190697e-05,-5.348023801407097e-05,-0.021804278185388035,-7.980331900061909e-05,-405.83842282596254,-52.76772336855437,-146.98676666737308,-4776.0,-0.0001999511347849982,19.430713413942613,0
2026-01-30,-1.5531900026418983,34.83406854806409,38.77492595199627,0,52.0,-46.5,18.185158784016668,69.5,-3.360392307819981e-05,9.04122037977921e-05,-0.40779213048395735,7.695315143418402e-05,571.4925566031186,-179.46439352966803,94.39016768802932,3553.0,-2.7990694535232398e-05,20.007091027232427,0
2026-02-02,-1.842422887707655,25.786814929478624,34.44555561115706,0,65.0,-50.0,24.613004692639674,68.0,3.580274648670001e-05,0.0004543208806294626,0.0550116691419392,0.00043032848670715847,1434.4972818270192,-12.484358299009813,-63.27052186054526,618.0,1.7884213777008625e-05,19.828013096715825,0
2026-02-03,-1.2374611092921877,25.909158670934467,31.600089964416195,0,65.0,-24.0,20.879415700634603,67.0,0.00010686090351223067,6.327629330525778e-05,-0.1498790601243953,8.942465461631968e-05,212.47622460524477,82.11546992312825,5.688426303622226,-2436.0,0.00011364520599019384,19.66172644695041,0
2026-02-04,-1.574165227149706,20.349695524212724,27.84995848434837,0,48.0,-7.5,14.594519519323379,73.0,-6.228458557765419e-05,-5.61075543324591e-05,0.31595531366370666,-1.8347885789414663e-05,-236.80176473748065,60.66148411975208,98.70308368716135,-1491.0,-7.828433460338829e-05,19.078745986453953,0
2026-02-05,-1.9343506457278656,13.566463682808484,23.08879355050174,0,39.0,-12.0,9.262828941522969,72.0,4.1846000461457626e-05,1.953171628940271e-05,0.16319887240754413,0.0001157019487984313,90.26213533709593,394.6930680134206,49.7394853531108,2306.0,4.582004968574536e-05,18.644549844564384,0
2026-02-06,-1.4246639250227378,15.668240745803946,20.61527594893581,0,35.5,-14.5,8.58487041252904,54.0,-7.155347870275799e-05,0.000264095296467492,-0.10474154683249126,0.00030523146523115416,1024.925851488911,149.81711309318854,9.827997444695502,263.0,-6.008932663840656e-05,18.562796284238356,0
2026-02-09,-1.3479212591185998,16.214724599766733,19.148425499212784,1,35.5,-5.5,8.779236868880856,47.5,-7.302015748106583e-05,-6.656826050432343e-05,-0.3897311615848504,-7.173120837791371e-05,-187.5785074747212,23.03982569855803,-37.5881712458321,2041.0,-5.301842861360658e-05,18.236882263935616,1
2026-02-10,-0.801846580803248,22.55845027962591,20.28510042601716,0,29.0,15.5,5.951890455974278,43.5,-0.00035077928502563483,-0.00016251148506496162,0.3287889684500172,-0.0003725739127057572,-279.51520399015214,-91.31211576669456,-269.98937802749987,-5809.0,-0.0002141112308568988,17.61281924508307,0
2026-02-11,-0.7867324187337342,29.11304092715801,23.227747259730776,0,25.0,3.5,5.951890455974278,35.0,-0.00015162357783137604,-3.758805201976695e-05,0.0017833677492021776,4.3405503994428774e-05,-89.64611330921946,103.33455275666408,89.83208157562021,3749.0,-0.00021024564531018652,16.81904644186285,0
2026-02-23,-0.7079810495550205,34.855848422983385,27.10378098081498,0,41.0,5.5,3.1741140496076206,22.0,-0.00010556271772464834,-6.819407245184626e-05,0.5117931438617052,-9.325316555893272e-05,-371.9971649552274,-131.40163167653185,-5.295169922576406,-2598.0,-0.00024144705926597886,17.68911455315836,0
2026-02-24,-0.6811172984348007,37.871378623452344,30.692980195027438,0,30.0,-3.5,2.928310092854969,13.5,-0.0001237584651981452,8.728381067249064e-05,0.0942883046237534,0.00016936689224588162,273.60218959687734,85.96621590758127,171.33362783557257,-1983.0,-7.111607535148013e-05,16.925606370789904,0
2026-02-25,-0.611446982854042,39.47522802539099,33.62039613848195,0,29.0,-1.5,1.5411035007149716,12.0,0.00022651368407234021,0.00042453893826939503,-0.20464625131995776,0.0004994455382335311,1174.8070750817365,147.48278538096864,59.80280299618697,6519.0,0.0001999666621591404,16.25234877287634,0
2026-02-26,-0.23474515051184908,46.23551787058586,37.82543671584992,0,29.0,5.5,2.8151376520368663,11.0,-7.882405452351693e-05,8.285216941487883e-05,0.0038063015436667373,7.708751146218389e-05,393.84756386961743,6.7095554457105,-34.112537253484284,-4572.0,-0.00013540478915776127,15.627181003385171,0
2026-03-02,-0.34386987763553184,47.49034524705724,41.047072892919026,0,29.0,2.5,2.815137652036841,12.5,0.00046885436931493773,1.6085858539704867e-05,-0.2315347838813543,3.284769709631014e-05,48.58789872422744,-76.05728881302834,126.68700883760404,426.0,0.0002979185606455326,15.189525217429088,0
2026-03-03,-0.8403635012536563,31.66023016470483,37.91812531684763,0,19.0,-11.5,6.897463301817319,27.0,0.00010866373866973334,7.80930551688893e-06,0.5589551662936955,-7.116583956690119e-05,24.91323865067355,-387.0593694669812,135.11294059581903,-683.0,0.00011476740062288456,15.140273416184154,0
2026-03-04,-1.437812563232481,21.106820109803223,32.3143569144995,0,37.0,-36.5,14.733465308606778,44.0,4.5953863176722805e-05,-0.00017623096794684424,-0.4492668044483811,-0.00011010943142427694,-737.9144852179942,278.76734528407815,-1.903181435247788,4822.0,6.031537902414141e-05,15.344539600742428,1
2026-03-05,-0.8129093177579644,20.989452400246176,28.539388743081723,0,37.0,-21.5,15.105462588081211,54.5,-0.00010064465940378793,0.00022315252810657746,0.1873758321424837,0.00030571107348591447,729.8658662882954,130.66007804905632,139.36448655732278,-5931.0,-7.86154975819424e-05,15.462786772117967,1
2026-03-06,-0.34960531872112005,25.313722983811914,27.46416682332512,0,36.5,0.0,11.844830095865573,54.5,0.00025265955555333925,8.604176191964081e-05,-0.16230383753132008,0.0001421648797084698,153.29768179231877,135.52345631695647,-35.53080553860471,2750.0,0.00013763243011427989,15.215444859823828,0
2026-03-09,0.6841304293961126,50.20914865587461,35.04582743417495,0,46.0,39.0,14.237275020168802,71.5,-3.1054996882228083e-05,1.516416763803649e-05,0.706105160265548,-2.225444152832823e-05,91.7120518456246,-262.27046715546,35.9647769407903,-2598.0,-0.00010541757721081668,17.414341655550697,0
2026-03-10,-0.249094002023252,49.414794756090316,39.83548320814674,0,46.0,4.0,14.258330898107353,81.0,3.0217226582819367e-05,0.0003971031647933338,-0.16412566412566412,0.00047275814614272074,2115.864540706916,325.9677399480114,77.14083877187804,1269.0,2.6621423859291166e-05,18.349031537297076,0
2026-03-11,0.44424219601288106,59.03015302579934,46.233706480697606,0,46.0,11.0,11.436782764393143,77.0,0.0003386984142857627,9.307828283676554e-05,-0.4148364408466591,0.00010668342683999999,379.2517450194117,-43.04337332361604,98.47815840141892,5497.0,0.00025900483801233716,18.359814998918715,0
2026-03-12,0.42267433221118555,64.71575419111261,52.39438905083594,0,46.0,-11.0,9.576011695895033,67.0,1.680038758126216e-05,-8.11650380480117e-05,-0.30031347962382443,-5.711593055870814e-05,-251.0746300571106,-7.759060539897234,82.152184861589,-3413.0,1.275480756326596e-05,17.941256784710237,0
2026-03-13,0.34072643477975767,66.33224192450986,57.04034000872725,0,46.0,10.0,8.613942186938441,63.0,0.0004093075477177993,-3.3863145892874744e-05,-0.07049357161598788,-0.00014132516392550368,-55.814557723325976,-163.85737108376506,-13.265718056317247,-1278.0,0.00021809017669414396,17.15973844294522,0
2026-03-16,0.8272715156079428,74.65627722503555,62.91231908083002,0,26.5,6.0,7.334848328351311,52.0,-0.0001119884999705966,0.00039574718681057873,0.13881771595900438,0.0003165060992610137,889.0674255180529,-307.38914626796964,129.36976406914414,3174.0,-0.00015264061374772934,16.648328554163417,0
2026-03-17,0.7984557556093135,79.55808552591023,68.46090789585675,0,26.0,7.0,4.449719092247969,28.0,3.455447510032418e-05,0.00011222604770139086,0.17172433809539164,0.00023327408932556054,267.96224632265864,281.4692623447134,7.557267689358149,-3671.0,3.6725471433813365e-05,15.923447943151745,0
2026-03-18,0.889149193878831,84.2443974428054,73.72207107817296,0,19.0,12.0,5.196152422698488,16.0,0.0003843424827477924,-0.00025858150873699033,0.29404057929959987,-0.00015310900335369892,-662.96678699042,307.3194738795249,-36.90273622751935,-2271.0,0.0004126983729611685,15.393201661498049,0
2026-03-19,0.6123623446325962,83.46789616754403,76.97067944129665,0,19.0,-3.5,4.73814309618389,20.5,-7.714143768546402e-05,0.00027156508411960633,0.8829918878042073,0.0002648659347275716,751.5373607451221,16.89436972933452,-35.433796731333096,-480.0,-8.326645327509446e-05,15.007972971391045,0
2026-03-20,0.7586470369085765,83.15849162492353,79.03328350250561,0,12.5,-0.5,1.9811612755942534,20.5,7.057517442409989e-05,-1.4089896892270064e-05,0.1684495861367927,-5.103602875811655e-06,-200.8864513233964,-85.87691396127005,213.9988391476335,1591.0,0.00036359520529822414,14.578832044863114,0
2026-03-23,0.28590841306627296,68.90053287815415,75.65569996105512,0,16.0,-12.5,4.886205071414336,20.5,0.00013719029071969553,0.0004001908692535194,-0.6537194775695627,0.000376128498732451,1323.9786657305274,-25.408833826851637,-54.19834280919447,4645.0,3.1834230457225034e-05,14.287486898801463,1
2026-03-24,0.8040649821160705,71.37228507666418,74.22789499959147,0,16.0,4.0,4.954795656726432,31.5,-9.537239054173526e-05,0.00044626731630845765,-0.7275464556090847,0.0005142789444756689,848.0288394287891,-19.92299800710994,149.16352267604466,2221.0,-5.4780298910862934e-05,14.30266640602993,0
2026-03-25,1.1546296857848,78.87404039124552,75.77661013014281,0,21.5,9.5,7.053367989826883,38.0,0.00014029153183235167,-2.3053553113014104e-05,-0.3853843846845946,-0.00011862032597495722,-68.39313739525073,-189.97194443591968,-93.546669581017,-1726.0,0.00021902342851506997,13.995333091313507,0
2026-03-26,1.083235220614463,78.22371923518932,76.59231316515832,0,26.0,19.5,8.085480814392762,32.5,0.00030168753200099466,0.0004984288879174507,0.3438074544542871,0.0005294784912360141,968.6098170410678,-8.451043088768053,68.79054450741863,-4609.0,0.00019761884972576156,13.709952156219686,0
2026-03-27,1.2700941986211685,81.45949098437909,78.21470577156524,0,29.0,14.0,9.766012492307805,35.0,0.00014447099473476524,8.463292587888983e-05,0.06794291086231946,0.0001304554982878832,240.713306316442,80.62039858686508,49.7083451490835,5540.0,0.00021144418440786477,13.623527002203994,0
2026-03-30,0.9023761507853539,76.14540778268952,77.52493977527332,0,23.5,-1.0,5.007494383412773,31.5,-0.0002478934717540881,0.00025750069745179507,0.10967075151336188,0.0004151691505290499,711.6642050733317,253.6314495297504,182.1226879726228,-2169.0,-0.00024088017594561722,13.61470364490371,0
2026-03-31,0.36425609158284655,61.10843277466658,72.05277077507108,0,20.0,-11.0,5.995831885561058,30.5,-6.760531639966333e-05,0.00012590033141754025,0.10469700210860863,0.00012780064767829778,490.83969037668487,52.84883280274241,-45.44018951685149,-4513.0,-9.536674000182878e-05,13.463653384553444,1
2026-04-01,0.5584373803372191,58.55504713713404,67.5535295624254,0,20.0,-10.0,6.088924371341056,28.5,-9.489985611136026e-06,-0.0001229475691177272,0.5558171544479861,-0.00025808659324116684,-307.81399299452414,-265.2703417798872,-73.0664217960387,1567.0,-6.094262629670928e-06,13.466249571371055,1
2026-04-02,0.6240202769898862,60.87577855119281,65.3276125586812,0,20.0,0.0,6.014565653470844,32.0,2.6427990420239826e-05,-7.834950278177179e-05,-0.21234559590723975,-2.402361497529087e-05,-186.1298993904772,120.7095726397353,8.34896216530179,5049.0,2.5077002680109946e-05,13.111517459130265,0
2026-04-07,1.037630079313165,69.2388231276958,66.6313494150194,0,25.0,21.0,7.615773105858053,37.5,0.00016878005681804083,0.00033645135240413195,-0.21084582407610225,0.00041266679546739753,817.9764905486967,-1.1861123339506747,186.48018292404524,-4370.0,0.00017272681874468102,13.24640906919239,0
2026-04-08,1.2380890302277066,74.28421541846386,69.18230474950089,0,32.0,20.5,10.956733089744825,37.0,7.07511934072976e-05,-3.241393605339851e-07,-0.007584743117547911,9.545893239915479e-05,-0.8651992639245236,324.0819387967733,-68.4158479943768,-598.0,7.767827928840834e-05,13.085951278535791,0
2026-04-09,1.3943485073983077,82.85614361230924,73.74025103710368,0,31.5,24.0,11.486949116275657,34.0,-0.00019412420774498503,-1.442720222947653e-05,-0.03507418946848876,1.8760498504477362e-05,-42.18907794519802,335.8915604088015,-238.84166322041995,5347.0,-0.00021267343244657638,12.865526187211808,0
2026-04-10,1.0776363911372369,81.55321854855704,76.34457354092146,0,31.5,9.0,9.343446901433325,31.5,0.00012264322084146905,-0.00015772185784647334,0.19421270446035604,-1.7781013688756907e-06,-373.07354760961175,342.89086245346,25.97678373732826,-6720.0,9.920377663199764e-05,12.660845745268107,0
2026-04-13,1.6851918799165029,87.70214569903803,80.13043092696032,0,34.5,20.0,9.73139250055718,45.0,0.00011026340239229583,0.00012355797101870882,0.35185321100917427,0.00013787769391111727,454.15943935607663,-62.31758707465589,114.95229179610088,-1823.0,0.00017134301065994286,13.542213906320384,0
2026-04-14,1.4558930540171533,89.76061413949473,83.34049199780512,0,27.0,12.0,9.203260291869304,35.0,0.00013383142593224146,0.0005064150945518712,-0.06989247311827956,0.000635559436819222,1437.514951545887,447.9710146675114,-81.3805932639863,9193.0,0.0001033537542221505,13.503484341583215,0
2026-04-15,1.3759024049321258,89.80673939265978,85.49590779609,0,30.0,17.0,8.167006795631826,30.0,0.00018863911291661575,-0.0001297634371460758,-0.48096427604056946,-6.349080996093603e-05,-440.5197485525638,120.18850097914138,104.7932173353264,-2043.0,0.00022559998125043978,13.110378317184415,0
2026-04-16,1.8503454536328845,93.20449292843986,88.06543617353995,0,40.0,15.0,11.326958991710606,38.0,9.007636982574259e-05,3.738044362792467e-05,-0.2535886485741838,8.820423969926789e-05,214.53167400365484,375.27608113372656,-83.59109850124564,-4082.0,0.00015228067862629895,13.245351294528385,0
2026-04-17,1.3016552575670042,89.40905589168719,88.51330941292237,0,40.0,7.0,6.74536878160798,43.0,0.00010029738330771604,0.00031871318866740964,0.6116823669895184,0.0003049645530891486,1047.3323332492575,-50.52392276635193,5.344146430832108,-22.0,5.742845178150642e-05,13.156397630633501,1
2026-04-20,1.4577993211951967,88.39391604900358,88.47351162494944,0,30.0,13.0,7.300684899370085,33.0,1.409781916572865e-05,3.3056011599412975e-05,0.4390661241872314,5.1634350343448866e-05,152.2151652525709,-9.719347521925291,95.26823152860572,255.0,1.9754904334425345e-05,13.145226371302538,1
2026-04-21,1.9431190917780925,87.26261069933572,88.0698779830782,0,38.0,11.0,9.82344135218854,45.0,-0.00016810171766532705,0.00010848617139420005,0.11009933774834436,0.00010988048191607795,471.42307774984033,104.80547053441708,-98.74654017384384,-1164.0,-0.00015863577549733715,13.777710201923785,0
2026-04-22,2.2986942707594427,91.50840713289048,89.21605436634897,0,39.0,36.0,14.046351839530566,60.0,7.952405913768731e-05,-0.00011050091808428544,-0.07999846525726126,-8.055980028989178e-05,-437.4361168881278,80.37552192278795,38.15133315075544,1604.0,7.244540335165195e-05,14.079302330357802,0
2026-04-23,1.0799102890416559,79.672271421927,86.03479338487497,0,47.0,4.0,13.881642554103008,70.0,3.14317867350239e-05,7.046487888251946e-05,-0.4314575736670937,0.00013869014355865554,456.9842583245892,300.962388693834,141.49735112922372,3938.0,5.149307748484795e-05,15.930780735332245,0
2026-04-24,0.8275851449831368,66.77604980041035,79.61521219005343,0,45.0,-12.0,12.095453691362009,64.0,6.479798050908181e-05,2.4104787542749413e-05,-0.20142804608972786,4.360758670793485e-05,87.71344099727074,3.5741362903091343,67.39340992113509,-3351.0,3.6357648038424074e-05,15.792867825665656,0
2026-04-27,1.3024603714467275,65.27208351473897,74.83416929828194,0,45.0,-12.0,11.144505372598697,73.0,-0.00018436402261175027,0.0002710246312399339,0.3809704714211708,0.0003500818067821094,791.4379974079178,282.9229980620713,-52.06260575907677,-4264.0,-0.0001479522144041423,16.16480583811811,0
2026-04-28,1.3592565019515659,66.91897766230824,72.1957720862907,0,45.0,19.0,12.049896265108687,66.0,-0.0001846539836610076,0.0003824593036744207,0.6482570348593027,0.0005368455862092492,912.4316309388508,196.44690142653067,171.87183527167937,2470.0,-0.00015085706318609233,15.724462563966815,0
2026-04-29,0.8112774036811576,60.92470851246081,68.43875089501407,0,45.0,12.0,9.099450532855364,60.0,0.00023745549499981308,0.0006646192725202451,0.5788366150608748,0.0006999246953084243,1753.7381852111682,7.321556278570299,85.83925119224901,-2057.0,0.0002626388385890121,16.029858095112044,0
2026-04-30,0.14557608669065808,45.80165752682573,60.89305310561796,0,34.0,-18.0,10.33440854620535,49.0,2.8735059105920518e-05,0.00019621057696484463,-0.31191919191919193,0.00020154424873170438,547.7799039281454,180.93532349646267,-166.04479999243068,1903.0,3.0402125534654033e-05,16.384868231175467,0
2026-05-04,-0.2877102841885458,33.14881743618447,51.64497454914013,0,40.0,-33.0,13.557285864061562,55.0,8.868284077148118e-05,7.957360437550627e-05,0.14115822130299896,9.200254288787576e-05,395.4777899492999,-44.65300936660975,106.42436147342264,-847.0,0.00015787340790169202,16.928806214662934,0
2026-05-05,-0.17826713139791764,27.981564565299454,43.75717122119324,0,40.0,-18.0,13.638181696981663,44.0,4.0685133129370654e-05,0.0001128438065911388,-0.7617310794697342,0.00028494561521762325,316.6305809464016,520.0411600011444,-37.13742524172769,6184.0,2.296983117078774e-05,16.29103434218701,1
2026-05-06,0.16153623391826888,31.726271801702907,39.746871414696464,0,37.0,7.0,9.071934744027182,49.0,2.747921556330291e-05,-2.846465839472804e-06,-0.07098099640472522,-0.00010886379503171263,-11.899775686412994,-482.8664642148895,39.65635476424645,-4646.0,4.0941334995013256e-05,16.198817603459368,1
2026-05-07,-0.09126689939922131,33.650847867801936,37.71486356573162,0,32.0,11.0,6.058052492335177,44.0,0.00015707195468513788,0.00011124498470020803,-0.15812520272461889,0.0001955263447775967,403.0903060770147,184.58864089900783,120.80040042932596,87.0,0.00013614063217322884,16.18461634606941,1
2026-05-08,1.6894515420431706,55.76723191186795,43.7323196811104,0,68.0,59.0,25.76237566684959,83.0,-1.7933724079073232e-05,2.582902672766107e-06,-0.08610314734885478,-3.576255732365365e-05,22.75915391658233,-302.9191818554094,-34.96045846648339,5470.0,-4.361105988543145e-05,18.814286607064453,0
2026-05-11,1.205585401407287,59.15617658593394,48.87360531605158,0,89.0,40.0,27.44631122755622,82.0,1.5418749098734686e-05,3.13535874336138e-05,-0.04661621487500775,1.6806453209017273e-05,301.07658576176857,4.868659356386274,-144.5592614041814,-5056.0,1.6803154217107588e-05,19.898980420845565,0
2026-05-12,0.04292723282831535,50.79276241260065,49.513324348234605,0,82.0,16.0,23.88932816133339,106.0,-2.1494035085458313e-05,0.0001623568862894925,0.18502420231156771,0.00019570043107855142,990.558521364776,32.87838210575079,170.55451919058282,-2287.0,-1.3656444215487154e-05,20.549053247928022,1
2026-05-13,-0.14994045693042382,44.118251864810695,47.71496685375997,0,80.0,-40.0,22.545509530721983,98.0,-3.02818892060588e-05,-0.00010432260304150885,-0.01494053274794404,2.1710209082736337e-05,-403.9255391677847,351.5267117827368,136.4583471201948,7495.0,-1.9217480094002082e-05,20.79554944450459,1
2026-05-14,0.5782573264968427,47.727186224892115,47.719039977470686,0,76.0,-10.0,17.572706109187408,115.0,-1.731391957956388e-05,0.00028036906991231,-0.12436795326779938,0.0002558962742234753,883.9271366774273,-88.43044241537805,11.274398681705428,-3888.0,-1.4098044064362302e-05,21.09586734132569,0
2026-05-15,-0.9846991260005051,35.56344250198801,43.6671741523098,0,79.0,-19.0,18.95257238476818,100.0,3.354122074823061e-05,0.00015736638343708258,0.013343848580441641,0.0002236241879654235,990.2690404039192,311.6023831323556,105.34214514921152,-3748.0,6.694740325339188e-05,22.946162531231,1
2026-05-18,-0.08831982394205469,34.68457142408957,40.672973242903055,0,47.0,8.0,13.740451229849748,116.0,-3.218739352570931e-05,2.9828221539356633e-05,0.7930759412890873,-1.698420066233613e-05,129.15888380535276,-185.76332804495937,-16.93867320636845,1008.0,-2.214835599695247e-05,23.235722350428784,0
2026-05-19,-0.3799177274516613,31.456380949393047,37.60077581173305,0,47.0,-19.0,13.740451229849748,92.0,0.00014378789762616595,-0.000211986954080943,-0.2116404077849861,-0.00014303800389321538,-1073.1129394051568,319.3339447509732,29.69701767608497,4643.0,0.00016809767528775624,23.790313611112442,0
2026-05-20,0.08875901858099898,34.051089409300005,36.417547010922036,0,47.0,31.0,14.432601983006322,101.0,-0.00010471911002951643,-4.9658344984076555e-05,-0.11743962385125027,-6.150745536173334e-05,-164.69319225665947,-44.86908838069456,5.5712057363260055,-4552.0,-6.860773031099382e-05,23.305291210318696,0
2026-05-21,0.4051774571382709,39.156422475398315,37.33050549908079,0,47.0,15.0,14.707141122593413,87.0,2.267589725001912e-06,0.0003379172345056262,0.2450489327271326,0.0003558089083216488,978.1967279366656,64.68690384822376,-12.89440853573022,-2211.0,1.9792330647552545e-06,22.712056123867363,0
2026-05-22,0.43190421792761047,55.89151569281873,43.517508896993434,0,47.0,23.0,9.72111104760534,52.0,-3.26834292996693e-05,5.0792266011284266e-05,0.14301860896944255,6.133209724280448e-05,186.27916262067072,-17.27573262208081,55.930258008575485,5582.0,-4.1407445927564655e-05,21.946909257876836,1
2026-05-25,0.5326952657327679,64.27250471475271,50.43584083624653,0,42.0,16.0,10.94531863400388,33.0,0.00020630511525229474,-0.00010010538095983561,0.22649127376921074,-4.858357220998573e-05,-399.5813393769465,306.4726948231208,-100.8178823645588,-5110.0,0.00022453863770889162,21.522130025171347,1
2026-05-26,0.7505678001148295,73.8828192351225,58.25150030253852,0,38.0,15.0,8.619744775796427,35.0,6.904176589344324e-05,-3.581839587447745e-05,-0.005070862046547913,5.554785224744255e-05,-102.86495273693043,267.5479686467495,-5.158083076557908,-433.0,4.967357464193927e-05,20.770549309087677,1
2026-05-27,1.3114557521649888,75.39157645977863,63.96485902161856,0,58.0,27.0,11.945710527208778,38.0,0.00010569686530363152,0.00012087550287901259,-0.15159869964199005,0.0001535063709734841,704.3720159027318,138.70034411690497,51.44794724834049,6771.0,0.00021446904021499663,21.71551007272427,0
2026-05-28,0.6525885694580554,72.23074794288273,66.72015532870662,0,58.0,11.0,10.416333327993346,41.0,-0.0001544020439248648,0.00012684037053809318,-0.5258603135817552,0.00013247001997815442,528.0401409208275,-180.37367691735483,203.8100707961636,-1173.0,-0.00011030588457792558,21.807259353243968,1
2026-05-29,-0.16582263899367175,61.116794924884786,64.85236852743267,0,46.0,-10.0,9.864076236519294,52.0,3.347878905194108e-05,8.120168390676984e-06,-0.5833675059460346,-1.9084017790611167e-05,56.64074049818342,-93.00437360604856,-96.7534215312696,1515.0,5.6095005087552705e-05,22.7495979708694,1
2026-06-01,1.0754413081346175,66.72492210678594,65.47655305388376,0,44.0,4.0,11.674759098151123,76.0,9.749778816407415e-05,-3.5960504291289204e-06,0.2595793976118339,-1.8567479146173096e-05,-20.094647088812536,-155.71530510122508,72.05530577324272,-3255.0,7.8106195878684e-05,23.26748383009301,1
2026-06-02,2.9095326550250444,77.8166147378573,69.5899069485416,0,73.0,59.0,27.453597214205956,113.0,1.2682066912071954e-05,-3.149795738969582e-06,0.4180993637471233,-3.159856561344339e-05,-35.05488942629313,-399.6285773584327,83.01487764278613,-2378.0,2.525815597267349e-05,25.24837784222922,1
2026-06-03,2.1631106516817638,73.55795996073955,70.91259128594092,0,109.0,66.0,32.00468715672524,105.0,6.504812171035939e-05,-3.633561780935722e-05,-0.12204149215934548,-2.2499069203471305e-05,-353.4461106991015,302.2636203700093,-167.67187306827367,6886.0,5.685376217647893e-05,26.80206513921285,0
2026-06-04,0.7888366821802049,62.85245378764018,68.22587878650734,0,109.0,15.0,29.466930617216487,116.0,-2.208959205383263e-05,0.00016280272666106344,-0.3231263941597381,0.00016913653631138293,1169.225413681665,-15.56470526853937,61.05320144092518,-790.0,-1.630923570691839e-05,26.459060486411932,1
2026-06-05,1.56274853012531,61.16769090429835,65.87314949243768,0,106.0,-10.0,18.069310999588346,121.0,9.151002385260912e-05,7.514505071990796e-07,0.06726497245423849,1.1024029530842532e-05,6.6077184731960585,-17.69879285845947,108.02850789837808,-6853.0,0.00011204261742062565,28.497699023096796,0
2026-06-08,-0.8545247978028572,45.92997575438072,59.22542491308536,0,110.0,-50.0,23.006520814756964,139.0,0.00015096814603070803,0.00011240548549568904,0.6333177888581984,0.00016413012850379738,930.295112495298,349.22044668511194,78.86526793824348,1758.0,0.00014209127326245255,31.03357766430417,1
2026-06-09,1.604474979873817,52.43816565443563,56.963005160202115,0,110.0,27.0,22.572106680588004,150.0,-1.1568827633434796e-05,0.00015811576079190917,0.49657161970064384,0.00015334290995799404,1112.789631153471,-45.19772047727352,11.60727451273246,1136.0,-9.837710204960094e-06,33.745464973996725,0
2026-06-10,1.022881101248552,54.958777102957086,56.294929141120434,0,81.0,2.0,22.420972325031887,149.0,-1.873523014339911e-05,0.00012194739672854589,-0.5419978076185257,0.00011206167916363631,798.9865388887762,-118.09418713718615,53.32400365224288,2380.0,-1.7441669503775872e-05,33.04936033299696,0
2026-06-11,1.2552055339290202,59.669487765607755,57.41978201594954,0,81.0,59.0,23.958297101418598,137.0,0.00011732335035588329,-8.369274934437539e-06,-0.5396544458491361,-2.403659979195095e-06,-58.97218763082907,5.050875897003081,36.98446972490301,2887.0,0.0001261760511361752,34.474406023497174,0
2026-06-12,-0.7566746059502337,51.59784032858699,55.47913478682869,0,86.0,-33.0,25.228951623082665,155.0,0.00019950056206886448,9.915500261475064e-05,0.3482268836421785,2.6178638979286182e-05,442.23805420196567,-176.53381037537926,-148.94573383151948,-8969.0,0.00012627756533743748,35.51194845039023,1
2026-06-15,-0.17637468872904769,51.06522688572466,54.007832153127346,0,79.0,-11.0,14.909728367741693,124.0,-6.480335340229988e-05,7.44588726415103e-05,0.2142641179830013,0.00013796687072789387,185.4826361654503,118.87115385759128,39.3320324754466,3956.0,-3.6194518463986234e-05,34.97538070393379,1
2026-06-16,1.563460888652136,67.37681792381645,58.46416074335704,0,76.0,23.0,22.549944567555777,113.0,-2.6759567190448772e-05,-8.318108304665994e-05,1.3659430918157818,-9.325345639316759e-05,-342.22111643807693,-24.73241565283408,-16.70704059816724,-4300.0,-4.419514006921856e-05,35.83428208222423,1
2026-06-17,3.66492597302285,78.25121194921095,65.05984447864168,0,143.0,127.0,49.58326330527095,174.0,-7.416239112309266e-06,7.156758363618294e-05,-0.24932759548144162,5.3080353263387706e-05,394.6155690329618,-51.45428211876248,-50.48221709979829,2198.0,-9.939381316341716e-06,39.20326193349393,1
2026-06-18,4.738390530795137,85.50080796614063,71.87349897447466,0,203.0,185.0,83.28085013975189,238.0,-8.835397957003041e-05,-7.834837457096965e-05,-0.5503660322108346,-4.751133075745087e-05,-507.4238746958815,-68.78063440406044,268.4969953586654,7114.0,-0.00010377892320193333,41.688743223958646,1
2026-06-22,4.963955702019282,90.3338719774271,78.02695664212547,0,284.0,222.0,106.99392506119116,282.0,-5.186949424360951e-05,0.00013173691827355033,-0.3265485859673158,0.00015685669424955574,912.6076330769382,28.755701231597733,145.26157196195572,-5975.0,-5.5481437410731075e-05,44.496690136533026,1
2026-06-23,3.24038317608706,83.86388566611082,79.97259965012059,0,339.0,118.0,89.76914837515041,303.0,-5.619265835534068e-05,-1.1008811252417935e-05,-0.05824590583418628,-1.4966902351251705e-05,-78.77037837903583,66.69622510397018,-95.01720603143876,-532.0,-5.803974382335476e-05,49.389783698209236,0
2026-06-24,1.6244841312593108,74.11577884987099,78.02032605003738,0,308.0,-16.0,59.12698199637587,319.0,-4.402301403285167e-05,4.972897485385097e-05,1.2688999135223704,4.9832652206274705e-05,320.6957935237036,-53.995017681504365,54.6636196565839,-2786.0,-3.9677200696787775e-05,50.290513434051434,0
2026-06-25,1.5338831797313115,68.0545870298575,74.69841304331075,0,216.0,-86.0,40.66571037126671,263.0,1.1047150958529647e-05,4.9446713686520974e-05,-0.5112143180788401,6.869885322813795e-05,369.97272292768525,-21.75318721902936,165.8025275564325,7831.0,1.281736655753276e-05,50.05547676019062,0
2026-06-26,-0.09269189914748564,57.04580754909521,68.81421121190557,0,234.0,-123.0,61.02048836251441,263.0,3.188437866316617e-05,6.558327455638541e-06,-0.3536288845218666,-7.529137749047522e-06,44.6570157775536,33.695434636130216,-129.6199154076002,-1506.0,2.9016316916962607e-05,52.05151413446272,1
2026-06-29,0.5093115553477422,52.9764577367616,63.53496005352425,0,234.0,-20.0,44.892092844951755,225.0,0.00014487031712844824,9.136903874084679e-05,-0.26947796034681376,9.819084176838441e-05,552.0162808851649,13.516372892092235,27.698314140715404,-3362.0,0.00012853921431200786,53.61926312485824,1
2026-06-30,0.7160656033856282,50.90205407558999,59.323991394212825,0,115.0,-8.0,29.777508290650733,211.0,-5.983710245376156e-05,-1.273293427246136e-05,0.06551841640593538,5.516770753198654e-07,-84.94219397351463,56.21519337500278,32.40727257194935,4163.0,-6.607127706469656e-05,53.432172901654084,1
2026-07-01,0.9331746313061883,47.18256596492324,55.27684958444963,0,126.0,89.0,34.65977495598854,174.0,6.398455617592906e-05,7.809808177186666e-05,-0.014520007398729886,5.726732921366683e-05,722.7783784743465,-85.33416064960275,-107.44928824990228,-644.0,8.876565668828919e-05,54.97273198010736,0
2026-07-02,0.4046312734418707,42.13880466037618,50.897501276425146,0,126.0,28.0,34.25930530527101,181.0,-1.6262826461082776e-06,-0.00014127107178394326,0.302810209068694,-6.94544459920337e-05,-607.5878081480491,250.9185818252981,57.95503046122297,-6493.0,-7.55765482722225e-07,53.68896541009969,0
2026-07-03,-0.27916587794093584,34.78769313540748,45.52756522941926,0,111.0,-23.0,19.66723163029731,135.0,1.7879047808280083e-05,6.55195830465886e-05,0.906138141323081,0.0001132624192635663,275.8277477278471,69.36563548190344,131.62463905181252,302.0,1.7500699318342595e-05,51.996896452235426,1
2026-07-06,-0.6506511337721956,31.92195415376372,40.99236153753408,0,93.0,-60.0,23.70232056149287,106.0,0.00014080445583808873,0.0004388717866010101,0.26128939277478863,0.000477511804427133,1363.3573994349708,-50.76935056497544,170.80475914191533,4378.0,0.00010390145451272441,50.99711813421861,1
2026-07-07,-0.6858190128681217,31.863313351186395,37.949345475418184,0,93.0,-35.0,25.41259530232538,90.0,-6.298608929833372e-05,-5.4636079848556407e-05,-0.8453576234344271,-3.908066415532427e-05,-400.1987947633448,118.87684347570698,-4.936410162594573,3487.0,-0.00014851449161715474,52.49732398177442,1
2026-07-08,-0.1043806862659833,42.67078032936236,39.523157093399576,0,76.0,34.0,21.49883717785152,108.0,4.376363241268314e-05,-3.105587649407936e-05,-0.33930046819058113,1.4824652554562736e-05,-206.64698231491087,35.12628023625709,270.1645035135113,-4169.0,3.9755973547979044e-05,53.67608655450482,0
2026-07-09,0.11314578954572532,55.1739136129683,44.74007593325582,0,79.0,71.0,30.29026246171808,113.0,2.664430300414296e-05,7.39222751277056e-05,-0.25524945405677807,3.7492679762986517e-06,508.344709795349,-296.7652708967336,-185.79667533967552,3721.0,2.7536077207032494e-05,52.48493751489733,0
2026-07-10,-0.0639163914157424,62.23063774914732,50.570263205219646,0,79.0,64.0,34.18040374249201,85.0,346.2256320040745,307.7490691637588,0.3434428531311429,481.56127818953036,307.7490691637588,118.19053804432528,55.62167098144623,-3221.0,5.034730554306855e-05,48.73601340669038,0
2026-07-13,-1.5791744447192175,41.48709183276488,47.54253941440139,0,92.0,-61.0,38.18638500826915,155.0,3.956301290100704e-05,6.638116595178042e-05,0.36213588837989996,2.1877093665260007e-05,410.3780595641355,-153.90124047683744,-121.22943199298555,-3952.0,244.58432195390904,51.254869591926784,0
2026-07-14,-1.64376029778504,31.70790545860338,42.26432809580206,0,107.0,-86.0,43.3912433562322,150.0,0.00033793666089005313,0.00012561735591299354,0.5114194499017681,0.00019329983581941319,493.5122780885981,236.88555664626148,29.018263749689957,3008.0,0.00021475553472134873,49.59380747821773,0
2026-07-15,-1.6496850395978733,24.876921396078266,36.468525862560796,0,107.0,-87.0,46.93399620743764,110.0,-7.827285177032404e-05,0.00020771895483264767,-0.4324447402529163,0.00019679694559840617,580.832881137062,1.6500722213106016,-32.19067501050294,5059.0,-5.571060928009377e-05,48.408535515487884,0
2026-07-16,-2.1476196598748376,16.58461426405218,29.84055532972459,0,128.0,-44.0,46.79743582718803,128.0,-2.6696105913848187e-05,0.00013966303642103936,-0.4179630969609262,0.00018429704639809805,865.8199051737339,206.0140594782128,70.68774563905612,-3446.0,-5.91859928893576e-05,48.022211550095896,1
2026-07-17,-1.8876820322143835,15.880970912876894,25.187360524108694,0,123.0,-36.0,21.67487024182138,134.0,-3.064752181007776e-05,6.459064657935254e-05,0.23948430785258498,5.4634338176501036e-05,445.8911941571075,-76.04371063952142,7.31192858978058,-4065.0,-3.4127819423036546e-05,47.234910725089044,1
2026-07-20,-1.8101789742779377,14.78018605931835,21.71830236917858,0,94.0,-44.0,22.42097232503082,59.0,-4.21046127311052e-05,1.3087123480908633e-05,-0.09220574313663615,1.3415794084732695e-05,55.24540722887454,63.98585342812797,-62.59841780265164,8485.0,-2.5746748614457256e-05,46.932417101868396,1
2026-07-21,-1.059416811022039,23.27064814856024,22.2357509623058,0,94.0,41.0,22.14723459034553,101.0,-7.38612265287001e-05,0.00020384009324338643,-0.09966747002654137,0.00028355299034190143,603.5442207216388,292.0487001013753,-56.02909475639798,-3331.0,-5.180647252997823e-05,47.08010159459208,0
2026-07-22,-1.1305946255071067,27.434295233697995,23.968599052769864,0,71.0,25.0,19.761072845364406,110.0,0.00016157746716870461,0.00031173474924316093,-0.15418897409926205,0.00036046161549001596,1339.9291609371294,-3.80330928296452,213.24594974495528,-3378.0,0.00023456214929788429,45.57438005212122,1
2026-07-23,-1.0235069936659558,32.64850451477302,26.861900873437584,0,71.0,36.0,18.994736112928642,71.0,0.0,0.0,2.2648552564753683,0.0,0.0,0.0,0.0,0.0,0.0,43.89049576268399,1
2026-07-24,-1.0161583930631801,41.26921577580613,31.6643391742271,0,76.0,-9.0,17.12308383439716,66.0,0.0,0.0,4.242520843550761,0.0,0.0,0.0,0.0,0.0,0.0,43.184031779635134,1
2026-07-27,-0.7352185874330318,53.39933533989912,38.90933789611777,0,79.0,19.0,8.080841540321678,75.0,0.0,0.0,8156.0,0.0,0.0,0.0,0.0,0.0,0.0,42.885172366804056,0
2026-07-28,-1.1138692748932792,50.49317391454267,42.77061656892607,0,57.0,-14.0,11.067971810579872,62.0,0.0,0.0,-0.0,0.0,0.0,0.0,0.0,0.0,0.0,42.321945769175194,1
2026-07-29,-0.9404362201570999,51.03800246785114,45.52641186856776,0,68.0,-6.0,11.510864433212268,59.0,0.0,0.0,-0.0,0.0,0.0,0.0,0.0,0.0,0.0,43.72752107137696,0
2026-07-30,-1.4135374624439432,37.80540370708977,42.952742481408436,0,97.0,-65.0,23.86000838222392,98.0,0.0,0.0,-0.0,0.0,0.0,0.0,0.0,0.0,0.0,44.818412423421464,1
2026-07-31,-1.504647021200018,32.495269138059854,39.466918033625575,0,128.0,-48.0,31.948395890870657,111.0,0.0,0.0,-0.0,0.0,0.0,0.0,0.0,0.0,0.0,48.974240107462784,1
2026-08-03,-1.1284159391398207,34.42392942537323,37.78592183087479,0,122.0,-34.0,23.22283359109749,114.0,0.0,0.0,-0.0,0.0,0.0,0.0,0.0,0.0,0.0,49.97608009978687,1
2026-08-04,-0.8043510517728686,40.65761961691548,38.743154426221686,0,122.0,26.0,21.691011963479397,102.0,0.0,0.0,-0.0,0.0,0.0,0.0,0.0,0.0,0.0,50.04921723551638,1
2026-08-05,-0.36527992245793034,52.10507974461032,43.19712953235123,0,115.0,68.0,26.321094202175676,123.0,0.0,0.0,-0.0,0.0,0.0,0.0,0.0,0.0,0.0,49.83141600440807,0
2026-08-06,-0.3958739768701423,57.913803163073545,48.102687409258664,0,115.0,40.0,28.13360979326687,89.0,0.0,0.0,-0.0,0.0,0.0,0.0,0.0,0.0,0.0,47.772029146950345,0
2026-08-07,-0.24241127054617717,64.56548626172116,53.59028702674617,0,114.0,27.0,20.40343108400631,81.0,0.0,0.0,-0.0,0.0,0.0,0.0,0.0,0.0,0.0,46.57402706502533,0
2026-08-10,-0.14114533753557887,71.18573401054635,59.45543602134623,0,96.0,7.0,13.367871932352951,68.0,0.0,0.0,-0.0,0.0,0.0,0.0,0.0,0.0,0.0,44.53302513180923,0
2026-08-11,0.03898931615964837,78.6571560070309,65.8560093499078,0,50.0,28.0,10.723805294753598,63.0,0.0,0.0,-0.0,0.0,0.0,0.0,0.0,0.0,0.0,42.92352333668,0
2026-08-12,-0.06309014373430037,82.03810400468727,71.25004090150095,0,50.0,16.0,11.401754250981897,41.0,0.0,0.0,-0.0,0.0,0.0,0.0,0.0,0.0,0.0,41.00041452691714,-1
